subject_id,is_expert,batch_idx,z_style_dim0,z_style_dim1,z_style_dim2,z_style_dim3,z_skill_dim0,z_skill_dim1,z_skill_dim2,z_skill_dim3,z_skill_dim4,z_skill_dim5,z_skill_dim6,z_skill_dim7,z_primitive_dim0,z_primitive_dim1,z_primitive_dim2,z_primitive_dim3,z_primitive_dim4,z_primitive_dim5,z_primitive_dim6,z_primitive_dim7,z_primitive_dim8,z_primitive_dim9,z_primitive_dim10,z_primitive_dim11,z_primitive_dim12,z_primitive_dim13,z_primitive_dim14,z_primitive_dim15
h.nakamura,1,0,-0.2477046,-1.8210423,-0.30309147,-0.7920568,0.24510741,1.3916395,-1.2543154,-0.016914085,1.3182532,-0.35530213,1.3268574,-0.13421008,-0.4882172,-0.051138513,-0.32523906,-0.6137446,-0.55335623,-0.060013805,-0.10439657,-0.024419293,0.102399975,1.0860679,-0.1103248,0.18149638,0.46477073,-0.47098643,-0.60518205,0.05361913
h.nakamura,1,0,0.8284891,0.9164034,0.28268182,-0.23916888,-0.91808105,0.5965432,-1.9538262,0.4831576,0.8754912,1.0707549,-0.114030115,-1.9556142,-0.07138919,-0.3116055,0.07075466,0.8555652,0.41063645,-0.27926987,-0.108358026,0.13942392,0.10872242,-0.48921877,-0.044387687,-0.15290871,0.08852447,0.022425657,0.21234159,-0.17348705
h.nakamura,1,0,0.60265875,-0.5446586,0.71144074,-0.08507769,-0.8033988,0.15992272,-1.2451881,-0.8794636,-0.77540106,1.0454015,0.81634164,-0.9780157,0.2819138,-0.1831047,0.6953294,-0.40500614,-0.10621613,-0.1761421,-0.26594397,0.6081027,-0.014750257,0.183499,-0.39746526,-0.061941326,-0.44911802,-0.16818812,0.19191815,0.2894407
h.nakamura,1,0,0.275286,-1.8750815,-0.12216875,1.6105025,1.1850936,1.4010966,-0.30293533,0.018581055,0.0063175783,-0.87027276,-0.88122165,-0.5743501,-0.078950346,-0.08280665,-0.16314708,-0.028955389,0.4217222,-0.42580706,-0.24490605,0.27035397,-0.5501361,0.21820532,0.22018352,0.20258191,0.9512983,0.33994454,0.5603813,0.3922348
h.nakamura,1,0,0.25842372,-0.37222928,1.1791294,0.6171658,-0.78608596,-1.3749398,-0.37797427,-0.48128965,-0.23634766,-1.6034786,1.1306279,-0.7821024,0.24564248,0.29612923,-0.07797998,-0.5437444,-0.12153238,-0.36978412,-0.119786374,0.074969836,-0.73246497,0.04686439,-0.61973107,-0.7865995,-0.006292453,0.31915826,-0.1986485,0.24257788
h.nakamura,1,0,0.9794198,-0.5594148,-1.7070637,0.80306685,1.4653555,0.3598472,1.4783969,0.835525,-1.0698965,1.997937,-0.15995988,-0.18998665,0.13006222,-0.52153313,0.115073025,0.031128865,0.1327283,0.13187237,-0.83617556,0.5912054,-0.6018115,-0.20293099,-0.08306229,0.41062772,0.2562897,-0.25086278,-0.69560474,0.20120513
h.nakamura,1,0,0.36003056,1.6271454,0.9812355,-0.37677604,-0.56653976,0.9698321,-0.8117511,1.1641932,1.3553249,-0.35109884,-0.14684168,-0.7369408,-0.11173167,0.16316284,-0.58306134,0.024264127,0.03807715,-0.27211058,-0.07789088,0.727042,0.2032666,-0.01589713,0.0016313344,-0.6025834,-0.77447397,0.25739193,0.17190741,-0.103548035
h.nakamura,1,0,0.977822,0.8557003,0.22651592,-0.6338191,-0.88423115,0.12163814,0.75678945,-1.3377259,0.6358608,-0.5759607,-0.859619,-0.8454271,0.40413457,0.3758541,-0.028192967,0.24408048,-0.048664123,-1.5446534,0.12703961,0.12210242,0.13743286,-0.3401472,-0.43286717,0.20649633,-0.3979169,-0.98243695,-0.6888498,0.7993425
h.nakamura,1,0,1.3109002,-0.6110878,1.1918743,0.46518335,-0.101835325,0.60092986,0.048773892,0.3640573,0.112554386,-0.41406447,-0.96562433,0.9419341,0.17020954,-0.15219116,0.2543805,0.18068327,0.31551293,0.09677343,0.082523055,0.50388956,-0.16921952,0.2568337,0.45987472,0.47091016,0.20096338,-0.27476946,-0.67150646,0.3876488
h.nakamura,1,0,0.2668597,-2.3235388,-0.063515514,-0.99646366,0.23246534,-1.5940983,0.13508952,0.55635715,-0.7606855,-0.31444398,2.556261,-0.12738656,0.061684918,-0.6723934,-0.17789394,-0.35955372,0.70092326,0.028088555,-0.49522534,0.7101922,-0.1577301,0.083447024,-0.491853,-0.060241133,-0.24785933,0.78687763,0.36365342,-0.3116308
h.nakamura,1,0,0.047443315,0.30244148,-0.055739567,-0.8805905,0.64888954,-1.1207384,0.14789149,0.013811395,-1.0274088,-1.0579321,0.52762485,0.10232005,-0.91971296,0.18297578,0.86468065,0.059787452,0.31935775,-0.20875093,-0.23099348,0.570883,-0.1575684,-0.41159528,-0.31744805,0.22042863,-0.45817047,0.017134052,-0.38670024,0.13015054
h.nakamura,1,0,-1.1339977,0.11108114,0.13858569,-0.021007232,-0.95327055,-0.70755005,-1.0929799,-0.4460979,-1.0189726,0.9830331,0.14757496,-0.39941463,-0.06347329,0.48062325,0.58744764,-0.39728078,0.23561914,-0.4953153,-0.15384546,0.19126098,0.08837421,0.053916514,0.21749635,-0.2811551,0.778262,-0.25038958,0.12590122,-0.26635122
h.nakamura,1,0,0.37695575,0.29420817,-0.94009984,-0.079776466,-0.41024244,-0.5739083,0.9005342,-0.0017620474,-0.74242103,-0.4023301,0.29827172,-2.3919291,0.38994864,0.5852357,-0.4518097,0.67183834,-0.23162888,0.13702582,-0.010346001,-0.26798508,0.3937577,0.59833694,-0.30253652,-0.57747054,-0.08613112,-0.085316,0.014384711,-0.4139186
h.nakamura,1,0,-1.1113002,0.3396781,0.46960193,0.31014797,0.19774754,0.36629456,-0.8185537,-0.46095037,-0.6465752,-0.5959375,0.23431908,0.005484432,0.32797503,-0.20126434,0.27077433,-0.49428377,-0.2928734,-0.1119359,0.33566272,-0.0013740212,-0.46298695,-0.19283311,-0.24011248,1.3083444,-0.23796225,-0.7871275,0.24452914,-0.8508713
h.nakamura,1,0,-1.2467158,-0.019999333,-0.9313504,0.10969095,0.15706989,1.326673,-0.14306451,1.142024,-2.239439,0.66048914,0.54343385,-0.14573207,0.8743223,0.28784513,0.49146327,-0.49470374,-0.6392609,-0.078331426,-0.41033974,0.41974244,-0.10756726,-0.29675385,-0.02574405,0.29118022,0.2934074,0.43553334,-0.012915816,0.6885118
h.nakamura,1,0,1.5439005,-0.029187277,0.8956439,-1.2877657,0.98424137,0.5054933,0.42542163,0.594936,-0.82734835,0.72692317,-0.12508863,1.7083664,-0.12926233,0.49432743,-0.10057886,0.12753165,0.28007302,0.06985943,0.13574256,-0.17541328,0.10662249,-0.12148464,-0.39449972,-0.52309823,0.23066166,-0.048112057,0.2284785,0.3723778
h.nakamura,1,0,0.13324396,0.055231817,-0.53825605,-1.0028011,-0.70405346,-1.2191097,0.72185504,0.79596466,-1.1209366,1.6844002,-0.28553247,0.8658688,1.0449134,0.1739466,-0.011386141,-0.088929914,0.8094498,-0.100824825,0.4362143,-0.34456795,-0.29083776,-0.7568163,0.5359667,0.18983571,-0.6230952,0.15177688,0.51546264,0.50720716
h.nakamura,1,0,-0.76979554,-0.61970174,1.1092799,0.8853854,-1.9154305,0.8708837,0.06916956,0.43418378,0.87575793,0.22409728,1.9564197,-0.25994498,0.73703307,0.1627676,0.046765357,-0.2048857,0.1479934,-0.7341057,0.05322147,-0.3514921,0.20430107,-0.124680154,0.20835719,0.048783645,-0.48196372,0.46754044,-0.2899864,-0.044259086
h.nakamura,1,0,-0.43402338,0.7684139,0.58501977,0.19167106,0.25451574,0.5564369,-0.1312303,1.7755368,0.05634781,0.5256065,1.141349,1.1079769,0.09134027,0.19291572,-0.22614324,0.2701756,-0.24475051,-0.033446603,-0.1581943,0.061837614,-0.14352122,0.13889739,0.095952764,-0.172834,0.25552472,0.1399811,-0.16120335,0.46901274
h.nakamura,1,0,1.2968893,1.2981721,-0.6378612,-0.49321407,0.5612147,0.7816762,0.071525864,-1.1659878,-0.44596586,-1.3951247,0.042664625,-1.3223323,-0.43121102,0.62090456,0.33499768,0.13220346,0.05165478,-0.19786735,-0.05078557,-0.40469986,0.44719237,-0.12270323,-0.56792253,-0.031369507,0.096100554,0.34865785,-0.39544284,0.044503823
h.nakamura,1,0,0.25853887,0.63250375,-0.9162541,0.76241946,-0.2013321,0.5659221,-0.77630776,-1.5303394,0.26269192,-0.6681686,-1.9118506,-0.23599291,0.35016453,-0.24330062,-0.22682814,-0.6842086,-0.5464855,-0.21956241,-0.16628598,0.19504681,0.41308588,0.36707926,-0.11187734,-0.13257779,-0.17207986,-0.05087296,0.4905638,0.1342516
h.nakamura,1,0,-1.8546951,0.6873595,1.0937772,-0.12692031,0.9336356,-0.8349759,1.1590304,-0.018281773,-1.2851187,-0.4573983,-0.41427672,-0.56544834,0.21325786,-0.5596721,-0.43742728,0.16814043,-0.4152831,-0.7393259,-0.73883754,0.4047209,0.31875393,-0.4209353,0.19764943,0.45230067,-0.37181127,-0.112501346,-0.33611366,0.33482644
h.nakamura,1,0,0.9837153,0.021106482,0.09659767,0.16974081,0.4665851,-0.58724844,-0.5194769,-0.49093232,-0.079900414,-0.14089194,-0.25360584,0.59714293,0.28848067,-0.4805214,0.8749379,-0.41421837,0.22511749,0.22094648,0.50418067,0.59938705,-0.25658265,-0.19451448,-0.034415517,-0.11987504,0.2683276,0.07554826,0.09629834,0.5592426
h.nakamura,1,0,0.005721152,-1.5879152,-0.7548751,1.0927519,-0.63624954,0.11931583,-0.92867124,-0.68815434,0.08624232,0.8102899,-1.7494113,-0.5062417,0.15223962,-0.77337956,-0.21168451,-0.27325147,0.051809825,-0.52383167,-0.16853414,0.50317407,0.62667865,0.13991572,0.37452483,0.42292517,0.053404413,-0.362885,-0.5205126,0.597056
h.nakamura,1,0,0.035616968,-1.3271072,0.5450506,-1.9779612,-0.39452684,-0.32941782,0.34986672,0.25642404,0.58841157,0.33069807,-0.63385665,0.8907923,-0.11037647,0.5095655,-0.058819607,0.17401454,-0.1799717,-0.11406236,0.36957583,0.08137414,0.2681415,0.12897527,-0.48924583,-0.35856777,0.24838856,-0.24321023,0.4028842,0.2806864
h.nakamura,1,0,-0.8173271,1.5416392,2.1313105,0.5811649,-0.9606799,-1.4757065,1.26183,-0.27227765,-0.57606363,2.3553405,-1.0640037,-1.2824659,0.11266431,0.33795512,-0.55620605,0.09232545,0.46857983,0.019458309,0.05310864,0.5265583,0.2943158,-0.066238075,-0.19385716,0.37255073,-0.28416285,0.9652595,0.7371194,0.30517742
h.nakamura,1,0,-0.4159532,0.9927888,0.51890755,1.2277302,-0.13219397,0.41252276,-1.1647803,1.9583161,-0.30705893,0.35558742,0.72970265,-0.66954553,-0.19394612,0.073981225,-0.19016291,0.2605505,-0.107021675,0.14051045,0.16325545,0.68101466,0.16574119,-0.28180447,0.44788617,-0.7483104,0.41479942,0.0937345,0.4501376,0.18185875
h.nakamura,1,0,-0.22223492,-0.03196597,-1.200184,0.5589743,-0.2987749,-1.2709334,0.96092856,0.9966817,1.141172,0.44146878,-1.3621414,-1.4551343,-0.2042751,-0.08632541,0.2377211,0.1682004,-0.35257375,0.23593281,-0.19356133,0.4946663,-0.00011450052,-0.15445279,0.34293416,0.2227539,-0.16495547,0.075966604,0.2746905,0.106797375
h.nakamura,1,0,-0.20223218,0.031412095,-0.010718226,0.41246587,-1.2589499,-0.42006207,-0.3936001,-0.6443307,0.5874164,-0.08489916,-0.5694259,-0.19903553,0.10054366,0.62465346,-0.20408235,0.08133474,0.1450492,-0.28480327,0.0012055337,0.61910015,-0.24773104,0.23236468,0.23284866,0.7067077,-0.20394062,0.16968259,-0.25619188,0.35678762
h.nakamura,1,0,-1.2978413,0.122926064,0.13277084,0.008878652,-0.71560466,-0.7554427,-1.1425484,0.4038273,0.97875965,0.7665533,-0.10955939,0.2227454,0.6577225,-0.19664447,0.7552199,-0.7400621,0.34572747,0.03340608,0.39556378,0.071018115,0.039614037,-0.55447,-0.29173678,-0.20198277,0.22517031,-0.23070085,-0.28395283,0.39735323
h.nakamura,1,0,0.82396454,-1.6041571,0.51326275,0.5957295,0.28926146,-0.27738327,-1.2247686,-0.519793,-0.7426115,-1.0242842,1.5007194,0.31873024,-0.33560824,-0.7388377,-0.29543644,0.053219985,-0.10107607,0.44725853,-0.07241469,-0.5817564,0.40507638,0.22651944,-0.12788588,-0.10639137,0.8273522,0.009491115,0.38764182,-0.08743915
h.nakamura,1,0,-0.57240945,0.5364019,0.39501244,-0.95844316,-0.8354999,-0.14243712,-0.5737101,1.0323975,0.70144355,0.81074125,-1.5522065,0.6646199,-0.14085925,-0.17175114,-0.46927178,0.379655,0.40310645,-0.046522677,0.03339774,1.0683167,-0.32292467,-0.54518354,0.16218396,0.6402408,0.0944203,-0.36253887,0.19850294,-0.31049937
h.nakamura,1,1,-0.16812345,-0.77205074,-0.034087718,-1.2075034,-0.8907879,-0.10090399,-1.1271864,0.33741173,1.4133261,-0.10105978,-0.2945667,-1.3808684,0.22167441,0.6014734,-0.07069698,0.72112226,0.2231029,0.20811538,0.5767867,0.3941397,-0.15451334,0.28335172,0.12717582,-0.25412172,0.18283583,1.1650043,-0.33811212,0.47964543
h.nakamura,1,1,0.8649459,-1.0085236,1.02644,0.54466707,-0.33793566,0.8629627,0.7957968,0.06530775,0.17227681,0.019100089,-0.37518474,0.3415328,0.00037770718,0.5277894,0.086303286,0.20202461,-0.43826604,-0.11213235,0.0520301,0.04833533,-0.075299054,0.7783169,0.19788751,0.384546,-0.60807556,0.25854585,0.51620024,0.39092785
h.nakamura,1,1,0.9371646,-1.0296731,0.2184771,0.57840747,1.2059718,-1.494536,0.46621668,-0.7661282,-0.9956146,-1.9558206,1.106393,0.545292,-0.24200293,0.59236336,-0.029972285,0.2546877,-0.052618578,-0.1421568,-0.26350015,0.086117275,0.59422594,-0.63517225,-0.1795541,0.44750604,-0.024108816,-0.04733943,0.8497485,0.29508647
r.morishita,0,1,0.07360861,1.2714572,1.1515577,-0.117441125,2.420505,0.1159325,-1.3647822,-0.079568714,-1.2978512,0.14652665,0.580917,-1.2637345,-0.033033527,-0.44324255,0.60707116,-0.45464352,0.30710402,-1.1600953,-0.24353272,0.56316066,-0.19477919,0.9664547,-0.31070626,0.6196046,0.09486343,0.34671146,-0.118123695,0.26311815
r.morishita,0,1,-0.14743981,-0.5694211,-1.2188897,0.33428884,-1.5002403,-1.1536582,0.12813208,-1.1751611,0.22530091,-0.47181028,0.59067607,-0.37175673,0.42478734,0.13698506,0.3217063,-0.23804997,0.5549794,-0.68061936,0.66969115,1.0831265,-0.12511857,-0.20982523,-0.15375528,0.48244792,0.015419589,0.12033207,-0.228098,0.30074668
r.morishita,0,1,-0.21063577,-0.7556579,-0.24824777,0.44423532,-0.8316262,0.2476246,-1.6896398,0.31722543,-1.7635038,-0.062918216,-1.2396654,-2.0181177,0.4991817,0.4677031,0.5479475,-0.1996859,0.094741955,-0.2865422,-0.33128938,-0.33714753,0.29472876,0.006045619,0.15630615,0.11310223,0.44763747,-0.17026219,-0.122425556,0.20720136
r.morishita,0,1,1.1661446,-0.53658587,-0.6359608,0.6798606,-1.8825469,0.83592904,2.161246,-1.8028818,0.35124534,0.17876247,-0.80642056,-0.012797253,0.994767,-0.40866125,-0.08049643,-0.22974473,-0.13611504,0.14215781,-0.04266496,0.7932873,0.46638203,0.43215874,0.3445251,0.77227783,-0.106879674,0.0034637293,0.5648505,0.42684978
r.morishita,0,1,1.1796991,0.1515226,1.380697,1.6046481,-0.27994794,0.14688401,0.49542022,-0.11488293,0.3374453,-0.6189598,-1.4658198,0.6727715,0.021697536,0.07226433,-0.56915087,-0.20894098,0.2594739,-0.66536117,-0.1337854,-0.13759735,0.23281066,-0.42026448,0.10648135,0.05303962,-0.088147186,-0.04847969,-0.4088571,0.12271253
r.morishita,0,1,0.35701582,0.17969942,0.24063528,1.6144356,-0.3536386,0.32827288,-3.2847936,0.1560193,-1.6921929,0.01870004,-0.13281494,-1.2468328,0.40250003,0.34668347,0.031627744,0.20395996,0.47879714,-0.5055385,-0.04669021,0.041862905,-0.28436667,-0.38926682,-0.21850537,-0.41901428,0.10687843,0.20973273,0.66604686,0.9214718
r.morishita,0,1,-0.58804786,-1.1220688,-0.4503883,-1.3634814,-0.10722093,-0.016454384,0.6580535,-1.2203186,-0.92180073,-0.8624915,-1.1737549,-1.3225386,0.17131394,0.048719466,0.28457108,0.11089224,0.31258446,0.25313717,-0.24372263,0.0545377,-0.108656734,-0.44930014,-0.6146815,-0.6449583,-0.5130955,-0.16606614,0.32135144,0.54239154
r.morishita,0,1,-1.3513651,1.2236687,0.48523894,0.97631294,0.56942075,-1.253748,-1.6156712,-0.13672455,-2.2385244,-0.9986405,-1.7037723,0.68713844,0.26884162,0.5054872,0.6608161,0.014279963,0.39702836,0.37375432,-0.10940899,-0.3354192,-0.35301644,0.14860758,-0.23985326,0.5524933,-0.23792227,-0.043110784,-0.52336484,0.046703026
r.morishita,0,1,0.3643739,1.0401802,0.3885136,0.85607076,-0.990308,-0.45806745,0.30809763,-1.8076892,0.44065797,0.0935356,0.45232624,-0.09147684,0.6988922,0.06747204,0.4919051,0.13346909,0.15630516,0.6721172,-0.41737705,-0.6832583,-1.0766759,-0.17187464,-0.70908743,-0.5102166,0.5188468,0.25260776,0.64927393,0.29959568
r.morishita,0,1,-0.76765996,0.5318519,0.46432462,-0.2252792,-0.8070013,2.3101456,-1.125137,-0.25423524,-0.6873218,0.22015235,-0.70436835,0.4653286,0.4561584,-0.41827604,0.115549214,-0.31823784,-1.011951,-1.1386536,-0.28538167,0.5672178,-0.11802597,-0.014675479,0.18087381,0.19595224,0.23650935,0.1267232,0.28169465,0.41673493
r.morishita,0,1,-1.2445533,-1.7020807,-2.822662,0.5481052,-0.3607574,-0.6447559,-0.6632941,-1.0828259,0.32314587,1.2219682,-0.9067275,-0.9060001,-0.40802073,0.2617509,0.5281334,0.97564006,0.15897137,0.17919303,0.14789337,0.5293584,-0.028697677,-0.32221416,0.34439135,0.89066267,-0.66303825,-0.42225498,-0.32176438,0.22897097
r.morishita,0,1,0.2429505,-3.5128546,0.40857783,0.643604,1.0451121,-0.108940184,-0.4500573,0.1779789,-1.2179918,-0.9847393,1.1933906,0.64358246,0.04271587,-0.66057754,-0.31411183,0.24207224,0.0082346555,-0.031882495,-0.27027124,0.19808863,-0.83223563,-0.07792622,-0.35263732,-0.8155058,0.38509113,0.13349381,-0.025565378,0.031618327
r.morishita,0,1,-0.71204555,0.24854529,1.9125987,2.0820656,0.19708538,1.3469199,-0.10144965,0.11167207,0.2742111,-1.8737165,0.10054466,-0.93508804,-0.18206184,0.43927926,-0.07533257,0.41209188,-0.6598591,0.57179344,0.04314306,0.078073986,-0.2929779,0.13976994,0.25273287,0.2449409,-0.044935986,0.3133964,0.12777415,-0.27657974
r.morishita,0,1,0.84321094,-0.26931176,0.5970441,-0.4971977,0.61142594,-1.5943017,-0.6702976,0.3797146,-0.10564655,-0.7245246,0.74195147,0.10037456,0.50164646,0.025037125,-0.13857386,0.25672582,-0.06751995,-0.32153085,0.18426758,0.031331554,-0.17281306,-0.522808,-0.076704174,-0.0071287975,0.69131625,0.62581736,-0.18687268,-0.06631003
r.morishita,0,1,1.1689227,-0.3999129,-0.5962483,0.67063653,-1.0832638,0.3820335,-0.49511015,0.2819271,1.5155567,-1.8719684,1.5168957,0.89245427,0.17147821,-0.012606744,-0.52720404,-0.2732683,0.16165991,-0.45230407,0.8306372,-0.14748788,-0.24483736,-0.14032562,-0.18331166,0.2597596,-0.1700734,0.13354102,-0.2592605,0.43657976
r.morishita,0,1,-1.9851962,0.36045563,-1.4737757,0.6280631,-1.0346226,-0.44404104,-1.1679447,1.9216924,0.56751364,-0.35339448,0.024445701,0.70751727,0.30191916,-0.2663696,0.87497455,0.10698548,-0.51301247,-0.5960743,-0.091522634,-0.114963114,0.39892495,0.28057715,-0.094571605,0.5083514,0.7420405,-0.08053262,-0.14847177,-0.08489989
r.morishita,0,1,-1.3060645,1.3539636,-1.3845981,0.86212194,-0.22002651,0.029765934,1.0333048,-0.7402682,-1.0100703,-0.30557877,2.1605601,0.9821985,-0.13981235,-0.1291614,0.8982797,-0.3551429,0.018100683,-0.0923036,0.37222672,0.5446328,0.30018872,-0.32002336,-0.55686635,0.24471463,-0.44207487,-0.067031,0.24156772,-0.16162872
r.morishita,0,1,0.16887721,0.91987646,-0.9259427,1.2388854,-0.5644577,-0.17319897,-0.8640707,1.8323976,-0.40480593,-1.3751943,0.26724294,0.22887537,0.22498173,0.3579435,0.05688326,-0.34233317,-0.39615676,-0.40420616,-0.53227574,0.7642716,0.12341131,0.30471286,-0.34916067,-0.6969657,0.29328197,0.47197217,-0.23068598,0.71586967
r.morishita,0,1,-0.39202732,0.46024132,-1.3985325,0.6073566,-1.0644644,1.844776,-0.21032733,-2.4319146,-0.33751476,0.18153557,-0.43878406,0.75644624,-0.059308924,-0.05982516,0.39173353,-0.036667157,0.45126262,-0.74398035,0.13586542,1.075167,1.0780913,0.19788899,-0.42039442,-0.085098684,-0.54762775,-0.30649137,-0.19584578,0.26137602
r.morishita,0,1,0.6153039,0.3342622,0.16294515,0.040254287,1.8859828,0.22817373,1.0100493,0.8847755,2.0305145,-0.6297717,1.5101501,0.35306227,0.44672447,-0.11995119,-0.59707755,-0.0032325312,0.5262377,-0.03667599,0.032504857,0.5380114,-0.48385876,-0.7293588,-0.28839618,1.0882342,-0.8079986,-0.31723872,0.04953206,0.58827853
r.morishita,0,1,0.5266746,1.4040722,-1.1675426,-0.7761002,1.3568294,1.0174104,-0.042318173,-0.40206468,1.3974901,0.3607313,-0.29057083,-0.605937,0.43495336,-0.3745082,0.0037028864,-0.056248184,-0.7908291,-0.34509593,0.7466053,0.5852089,-0.40423924,-0.3884232,-0.218461,0.19706583,-0.8199681,-0.33929387,0.10615344,0.43409926
r.morishita,0,1,-0.7015095,0.44703665,-0.84654415,1.2589539,-0.99668115,-1.0242721,-0.82473004,-1.1817522,0.107115865,0.18986802,0.45772383,0.44654948,-0.22928798,0.09285441,0.09639063,-0.13068949,0.38880703,0.14789893,0.5126993,0.1700844,0.14455868,0.04624957,0.06435481,-0.24574193,-0.24723677,-0.7254847,0.33248988,0.5744214
r.morishita,0,1,0.67960393,0.439438,-0.21876954,-0.81802887,-2.4224536,0.19373026,1.8822013,-1.522733,0.79246545,0.65391517,-0.47974554,-0.7318365,-0.1269232,-0.24767381,0.20572841,-0.44319043,1.1884164,-0.12510075,0.25655568,1.0014095,-0.16261351,0.59038925,-0.3351408,0.32736206,0.5417503,-0.3405605,0.6894416,-0.3014391
r.morishita,0,1,0.7387522,0.6289269,0.78821284,-0.06317321,0.7059362,-0.82310724,-1.0502683,-0.8476227,-0.8110997,-1.7182709,0.56028366,2.3884835,0.31573606,-0.05367311,0.8344748,0.30021182,0.31457487,-0.14362496,-0.6402524,-0.015670106,0.12271616,-0.023084417,0.19905986,0.1833709,0.64179575,0.7842658,0.6605934,0.5596996
r.morishita,0,1,0.9134306,1.1078372,1.2893381,0.917107,1.860069,-0.76390886,0.22245273,-1.3265402,-1.6420107,0.046005845,0.8713487,1.4716463,0.55226207,-0.18898207,-0.09757149,0.50550866,-0.5043827,0.12228684,-0.5700637,-0.25716797,-0.18643194,-0.2213039,0.8430331,0.37945682,0.5591425,-0.3503523,-0.6654572,-0.078123495
r.morishita,0,1,0.2835068,-0.27490175,1.019009,-0.63127995,0.3600388,-2.2485762,0.42245975,-0.792928,-2.0270214,-0.32245225,0.10106989,-0.14061321,0.029534131,0.10791898,0.18058445,0.2994122,-0.04391599,-0.2777831,-0.2354742,-0.1574097,-0.6230297,-0.30920604,-0.31546897,0.56556123,0.72034794,-0.29606226,0.40625322,-0.28261018
r.morishita,0,1,-0.91168165,-0.019484121,0.5052228,-1.8086623,-1.8752462,0.7916233,-0.59680915,-0.6447396,-0.2759558,1.1833665,-0.70514244,0.03981425,0.022736177,-0.20572914,0.23584245,0.703583,-0.3844261,-0.5587834,0.6022399,0.08234229,-0.06396778,0.24182025,-0.18106228,-0.063462704,0.11537373,0.12400081,0.083183065,0.098706216
r.morishita,0,1,-0.15070203,-0.099285595,0.9089013,-1.0916213,-0.66935444,-0.6389423,-0.480454,-1.3806403,2.406242,-0.029956013,-0.18038136,-1.6148973,-0.21147266,-0.22465433,-0.078581974,0.69255537,0.35527596,0.038615927,0.24965306,-0.5706905,0.28386217,-0.26640564,0.44494358,0.22973731,0.15855463,0.024784107,0.41711017,0.52339566
r.morishita,0,1,0.44408882,1.8618696,-0.5388959,-0.8043382,-1.6083384,-0.9617902,-1.2709752,0.994343,1.1865394,-1.5705067,0.6363871,-0.72432566,0.35698482,0.09158605,0.5629834,-0.33473676,-1.1173791,-0.21906279,0.3562147,0.7974777,0.16553058,-0.69681275,0.0020218492,0.004061587,0.23651084,0.576389,-0.123156056,0.1067182
r.morishita,0,2,-0.9060763,-0.133554,0.04683402,-1.4893855,2.1799734,-0.75437176,-0.31845307,-0.07463013,0.9982147,0.8677415,-0.13538489,-0.9753176,0.012641676,-0.19995123,0.20699403,-0.47536182,-0.13886294,-0.37942976,-0.801637,0.9287219,-0.4795885,0.6131756,-0.16179961,0.28750437,-0.05098725,0.12579644,0.046816528,-0.16016889
r.morishita,0,2,0.35369965,-2.4447517,0.24815366,3.584245,-0.10637574,1.498591,1.958004,0.42823297,0.1925496,1.2971736,-0.8226897,0.4216725,0.79183364,0.2803251,0.34531727,0.14482212,0.111010924,-0.04635632,-0.23961702,-0.3788952,-0.20858073,0.5034931,-0.58492565,0.007796742,0.071445845,0.07906626,-0.52444977,-0.18700877
r.morishita,0,2,2.0264814,-0.29521847,-2.0231843,-2.9694617,-0.64609987,-0.27487224,-0.04044798,-0.9163306,0.311787,0.683666,0.8398564,-0.60872656,-0.20607063,0.2936643,0.42203295,0.11533196,0.050863273,-0.08702135,-0.043186888,1.2622217,0.5631026,-0.06548805,-0.16100949,0.25101012,-0.46591246,0.5939768,0.6622802,0.3819911
r.morishita,0,2,1.9621898,0.0025447942,0.75364226,0.041803047,0.10288119,-1.62217,0.15957849,-0.1622583,2.0560281,1.863012,1.6215322,-0.932823,0.124391705,-1.1901683,-0.18455292,-0.7751001,0.17440103,0.041938648,0.33055595,0.8037239,0.1261372,-0.14700176,-0.2244131,0.3636801,0.108990945,-0.27459702,-0.25929815,0.37170577
r.morishita,0,2,-1.3645502,-0.83323205,0.3272578,1.1218024,0.87849236,-2.1508393,1.7451615,-1.4888837,0.601684,-1.2861383,-0.63834345,-0.05237384,0.12554833,0.02529519,0.23886777,0.3672112,-0.3758408,0.111983344,-0.36188906,0.30085167,-0.5036508,-0.40571737,-0.09300928,-0.10206948,-0.33052436,0.018079367,-0.3344693,0.021419227
r.morishita,0,2,-0.14862135,-2.2017293,0.7198168,0.67799306,-0.48072058,0.92629886,-0.18265215,-0.2303523,0.7792273,-2.4900506,0.40746272,-0.062226295,-0.17707825,-0.84265363,-0.23934717,-0.15895158,0.13447031,0.21861403,0.21385697,-0.24746391,-0.5092737,-0.12890932,0.33256853,0.30086726,0.67193365,0.024182148,0.3715253,0.28684437
r.yanase,1,2,0.13780347,-0.3816908,-0.9580847,0.124861926,-0.9636365,0.88831186,-0.32040673,-0.14106238,2.1388693,-0.26622897,-0.586872,0.51380783,0.19605011,0.24828541,-0.3502298,-0.32743758,0.04995565,-0.2643448,-1.0158199,0.5581231,0.39359972,1.4314729,-0.15180288,-0.108747095,-0.79021716,0.24332632,0.16917625,-0.7732176
r.yanase,1,2,0.109864175,1.3223991,0.6159487,0.35338873,2.4367223,-0.37771904,2.0484705,-1.1650765,1.5670156,2.4660547,0.66837627,2.2307558,-0.024195455,-0.3921014,0.17321181,-0.021645203,0.05353635,-0.7790592,0.16867469,0.009132266,0.22427975,0.72518945,0.18600558,-0.3319803,0.04422258,-0.45260376,-0.21036237,0.6069923
r.yanase,1,2,-1.4435705,0.8458644,0.7220397,1.9871982,-0.13551515,-0.81524503,0.7607899,0.89226276,1.3867886,1.1181096,1.5596138,1.1900511,-0.017800786,-0.33225176,-0.5340646,-0.46326312,0.32947823,0.2891904,-0.276973,0.3651333,0.16499792,-0.049810573,-0.4646281,0.046318427,-0.39530286,-0.5065785,0.1056342,0.29692984
r.yanase,1,2,-0.87831444,-0.6241716,0.46642497,0.3649393,-0.92044944,0.23394305,-0.46339247,0.3912086,0.7095796,-1.3957683,0.7661531,0.0051472895,0.3431945,-0.22567873,-0.1379845,0.16341095,0.21060139,-0.020344965,0.058636256,0.124380074,-0.08287597,0.0505943,-0.49790165,-0.0073185116,-0.63535553,-0.6365753,0.25079685,-0.47231686
r.yanase,1,2,-0.79227954,-0.038393024,2.311438,2.1017425,-0.3746785,1.5067027,-2.0901155,-0.84496677,-1.3776156,-0.09647697,-0.28845176,-0.6002271,-0.18713856,0.25176576,0.20262533,-0.14225107,0.30770972,-0.10793085,-0.1809377,-0.32935965,-0.27408263,0.1312009,-0.6239519,0.15638527,0.29292178,-0.09158788,0.40855512,0.075404555
r.yanase,1,2,0.33565992,-0.96062714,0.93063915,0.44218528,-1.6142583,0.052684158,-0.6276218,-0.003896825,-0.20097667,-0.4655645,3.6527119,-0.62617725,0.76092976,-0.16460901,-0.05899778,0.12602843,-0.20586891,0.10925478,0.23217708,-0.395455,-0.8144686,0.4661957,-0.6346594,-0.17826776,0.18811013,0.029295899,0.35229108,0.14402223
r.yanase,1,2,1.6089965,0.22736274,1.4630649,-1.8876929,-2.1929464,0.6068389,-0.52251256,0.028608123,1.5847025,1.3964418,-1.1066986,-0.79870486,0.10512839,-0.26971418,0.19756897,-0.47894233,0.28559282,-0.502032,0.25394884,0.15504424,0.1883377,0.15794936,-0.4796913,-0.09993294,0.11120956,0.11724527,-0.08133064,0.64811414
r.yanase,1,2,0.4543937,0.5675083,-0.17043284,0.3530237,-0.6383723,0.51396924,-1.0190805,-0.3912752,-0.32803327,0.30457264,1.4934801,-0.7209479,-0.11612171,0.07390937,0.18755628,0.4064625,0.37781873,-0.12425089,-0.3537317,-0.26377267,-0.10777433,0.3741935,-0.5251893,0.40609083,0.08266324,-0.6623955,0.6969238,0.04339987
r.yanase,1,2,-0.49059275,2.0977018,-1.5400083,-0.6479528,-0.6353256,-1.3774513,0.6853572,-1.5537323,0.98570055,0.6845202,1.1064024,-1.2964467,-0.011973098,0.19139715,-0.5606533,0.31215292,0.6482926,-0.58091074,-0.16345918,0.35224468,-0.4088651,0.863242,0.11356933,-0.7416871,0.048603743,-0.10982615,0.20116138,0.67385185
r.yanase,1,2,1.2877939,-0.042410202,1.2277644,-0.41240007,0.9281522,0.6764424,0.8569716,-0.08947189,-0.09941147,0.16256087,-1.3052735,-0.812327,0.3345465,0.35164946,-0.014206678,0.49178213,-0.14973821,-0.3364005,0.5236268,0.7444223,-0.060329493,0.13131616,-0.043194383,0.39535457,0.0744386,-0.16508305,-0.5602032,0.69918674
r.yanase,1,2,-0.345455,0.008555386,0.88950264,0.40673426,-0.348834,-0.319646,0.05360422,-1.3820151,-0.031841274,0.3347706,-0.48457545,-0.14764541,-0.22669093,-0.086550936,0.4186561,0.467378,-0.12498203,-0.74868,-0.45689002,0.31858742,0.53137106,-0.20586741,-0.08633255,0.0444578,0.10587882,0.47987926,-0.18709196,0.09454459
r.yanase,1,2,1.4761438,0.44145313,-0.54771525,-0.737065,-1.8228631,0.29196495,0.023974948,1.0486815,1.9341543,-0.7855273,1.9926062,-0.6269087,-0.063691586,-0.31792527,0.8256117,0.78871614,0.20269382,-0.16796495,-0.506819,0.11420056,-0.56560194,-0.80607814,-0.2877927,0.22591671,-0.25802127,-1.0082955,0.045843992,-0.19888885
r.yanase,1,2,0.3779343,-0.27746266,0.71690017,-0.28249037,0.7410272,1.1382377,0.4240948,-1.2914476,-0.7223961,0.14093524,-2.1635056,1.1484445,0.28113094,0.26948297,0.41413295,-0.09098818,-0.04138885,0.3276508,-0.061243713,-0.039389387,-0.26089996,0.2663474,0.10307976,-0.4762141,0.34682497,0.30423725,-0.12961191,-0.14629039
r.yanase,1,2,0.4279083,1.8674654,-0.68310827,0.72757065,2.753568,-0.274069,-0.7860034,-1.4577829,-0.7179138,-0.39691544,0.14721565,1.1288118,0.7848539,0.35115606,1.0008742,0.33716673,0.07925081,-0.08924757,0.3805068,0.15439066,-0.17407015,0.62394804,0.37699595,-0.6549423,-0.025595717,-0.18837546,0.060490575,-0.34557027
r.yanase,1,2,0.43928885,-1.2839943,0.7802373,-1.8349293,-0.8777613,0.90452695,-0.2154918,0.2852251,0.6684161,0.20613492,0.8198609,-1.5915122,-0.37520322,-0.2925213,0.00081083924,0.25319386,0.061716292,-0.6324735,0.57363397,0.23628962,-0.16851118,-0.18151894,0.456413,0.26060283,0.54263985,0.26488432,0.43072328,0.32995978
r.yanase,1,2,1.2172705,0.64401233,-0.42850238,-0.45562547,-0.5552368,2.119879,0.39209282,-1.6934592,-1.3388383,1.1035918,0.9179837,1.1947358,-0.39368606,-0.025517862,0.19958416,0.48999274,0.8012073,0.27375048,0.06565531,0.8790898,-0.51223814,-0.12902078,-0.0034580454,0.2895881,-0.43178257,-0.24231496,-0.18814932,-0.037484065
r.yanase,1,2,-0.22686559,-1.0536921,0.72729015,-0.6943189,-0.28987527,0.20058912,-0.0068950355,-1.2288018,1.1667086,0.72377396,-0.6941317,-0.33185294,-0.4177801,-0.37858057,0.320082,-0.13907269,-0.16132346,-0.6589571,-0.12178364,0.42022204,0.008882612,0.16472906,-0.4419589,-0.044846162,-0.33241892,-0.24620411,0.18334258,0.7780149
r.yanase,1,2,0.06805828,1.1107041,1.4626986,-0.6098211,-0.3044768,-0.11919981,-0.028392049,-0.8454321,0.8674832,1.9024116,0.3906203,1.3218558,-0.75544053,-0.7799926,-0.038171515,0.46097115,0.17866467,0.5612332,-0.41368482,0.6277484,-0.4730326,-0.38594016,-0.27619964,1.2665551,0.40522793,0.2067455,0.16347502,0.7901704
r.yanase,1,2,0.9111024,0.87380755,-0.90840966,2.0471609,-0.4259022,-0.05762153,-0.103766195,-0.280884,0.33625424,-0.56739974,0.19377996,-0.546888,0.3830501,-0.12126464,-0.23063287,0.035256926,-0.029430278,-0.14700055,0.11368119,-0.35112146,0.1233305,-0.6640966,-0.12067957,-0.15601744,-0.53140146,0.17632669,1.1488384,0.6986522
r.yanase,1,2,0.4992135,-0.2641719,0.7730179,-0.024194583,1.9006536,1.3461871,-1.176427,-0.18924578,1.0582657,-0.9035552,1.026329,0.44783074,0.44263437,-0.7133284,-0.10046069,-0.23792613,-0.3375072,0.13691615,0.05038491,-0.35476124,-0.61148226,-0.39548853,-0.15023655,-1.0147414,0.25852743,0.108649574,-0.40708128,-0.19600542
r.yanase,1,2,1.5146161,0.039607614,0.975916,0.5163496,-0.36961707,-1.4285182,0.01964178,1.001002,0.253994,-0.39978874,0.18751216,0.6934172,-0.5384134,-0.12250625,-0.06662096,-0.4370831,0.058441952,-0.31126988,-0.11789301,0.75729245,-1.0027108,0.47527272,-0.8963995,-0.7464354,-0.29698536,0.24515645,0.28560245,-0.16291383
r.yanase,1,2,-0.21703604,-0.40342197,-0.30843508,-0.4397183,0.5172126,-1.70443,1.2370703,1.4654391,-0.09951619,0.27620444,-0.27607864,-0.21540153,-0.3473762,-0.32229117,-0.11916998,0.31610796,0.38322505,-0.34270287,0.1773199,-0.2566974,-0.20876792,-0.017570402,-0.34031546,0.37395847,-0.12747142,0.25220543,-0.008900236,0.29979348
r.yanase,1,2,-0.66834027,-0.03892692,0.8969124,1.2668319,-1.9288397,0.11881155,-1.3010718,-1.1897465,0.27280274,-0.23503654,-1.1762127,-1.3381376,0.6407528,0.013461366,-0.7369152,0.27588126,-0.3108554,-0.6073737,0.4302535,-0.3809067,0.18082573,0.11298434,-0.07113956,0.18689227,0.4809336,-0.09736725,-0.010432061,-0.4468482
r.yanase,1,2,-0.29422116,-0.52610624,0.9474241,-0.4029544,1.2556435,-0.035039768,-0.22282879,-0.37424907,-0.7951312,0.28161904,-0.017355068,-0.65679395,-0.22607091,-0.0037221462,0.5018183,-0.73243433,0.26304895,-0.1428593,0.030911712,0.50852454,0.09035429,0.47213307,-0.42693365,-0.033585593,0.36537343,0.3671819,-0.010730501,0.4793037
r.yanase,1,2,-0.66092443,0.70988685,-0.7578374,0.23295021,1.5281959,-0.67124826,1.6733706,0.41601616,0.5033897,1.5946655,1.2743698,-0.8427514,-0.16091505,0.37531972,0.26262355,0.037417762,-0.14189479,-0.06924336,-0.71247977,1.0055594,-0.153786,0.17483447,-0.8700433,0.6118157,0.2315464,0.12938571,0.09194893,0.09659815
r.yanase,1,2,-0.30582651,1.1704776,-1.15123,0.49291942,-0.44593257,0.14896941,-1.6208426,-0.77001154,0.27967545,0.044186473,-1.0181234,-0.29536545,-0.23333186,0.11066663,0.000406757,-0.6787451,-0.3608873,-0.16891268,-0.55246377,-0.13478151,0.03764856,-0.52477974,-0.4769058,0.29719472,0.43376637,-0.5391206,0.010648759,-0.23542973
r.yanase,1,3,0.9311793,-0.30553642,-0.88970995,0.62966454,1.1120325,2.9152486,-0.26704064,-1.5346818,-0.35323295,-0.055797786,0.054243177,1.213228,-0.5467683,-0.26681432,-0.35654336,0.35526058,0.037096236,-0.651356,0.46981636,0.4689934,0.04542072,-0.21972254,0.023369946,0.099762015,-0.19496873,-0.33964503,0.27609187,1.1890403
r.yanase,1,3,-0.8938343,-0.39187956,1.8152593,2.6476967,-1.6284723,1.1665499,-0.030945249,-0.3918352,-1.1794032,1.1000633,0.6297704,-0.5439617,-0.75094944,-0.5116912,0.21302798,-0.17814071,-0.10882124,0.1813745,0.10989225,0.55940104,0.7456936,-0.18666403,-0.11929707,0.723959,0.64098805,-0.20693448,-0.32363814,0.50499
r.yanase,1,3,0.45413676,-0.1637182,-0.15374738,0.6401096,0.890219,1.7207053,-0.7977681,0.17903376,-1.1428486,0.5329852,0.21900569,0.38032117,-0.4782647,-0.50326455,0.55154824,-0.013030407,0.5196777,-0.5958861,0.056923263,0.026706606,-0.0077399313,-1.1289184,-0.28897923,-0.5460977,0.5422621,-0.16869885,-0.31976563,0.45383236
r.yanase,1,3,0.088643424,0.43998384,-2.1543245,-0.019860767,0.07988362,1.4294811,0.3965195,1.2848276,-0.90664685,-1.0976038,-1.0269727,-0.24313733,0.23456979,-0.78907484,-0.55342686,0.4771841,-0.41245714,0.18371762,0.21984124,0.067158975,-0.2198452,0.17964952,0.83662415,0.16929838,-0.3238087,0.25723362,-0.28599948,0.8347708
r.yanase,1,3,-0.14192022,0.53629875,0.14718938,-1.3552592,-2.5796797,-0.12239021,0.7842983,0.31542498,-1.8230088,-0.0014614984,-1.2830011,-0.8748863,0.32669598,0.049699485,-0.50231636,-0.47002453,-0.100963235,-0.47045976,-0.04254599,0.8008392,-0.22655147,0.08400081,-0.750504,-0.4832784,-0.71766055,-0.057917707,-0.12746052,-0.23855992
r.yanase,1,3,-0.47926039,-0.0008924976,0.32095265,-0.016007697,0.0752667,0.22023705,0.383922,1.3782378,-0.14387819,2.3086705,0.13166805,-1.3019645,0.23495376,0.022708043,0.17923364,-0.06556081,0.6006955,0.06833117,0.36061528,-0.058271185,0.3558308,-0.30044958,0.62122655,0.78899026,-0.056332782,-0.21072447,-0.06519392,0.55589545
r.yanase,1,3,1.4883019,-0.12710327,-0.79155374,-1.3902582,2.8363254,1.8105932,-0.11275882,1.3836064,2.1299129,-0.059496727,1.5076581,-0.6966827,-0.10496791,-0.12105699,-0.064832985,0.3247341,0.32190004,-0.45617837,0.51809895,0.13960454,0.10854198,-0.27934265,-0.30353573,-0.58123946,-0.4642497,-0.7347816,-0.025037888,0.54530305
r.yanase,1,3,0.15878268,0.18802674,-0.6764157,0.96487033,-0.6494123,-0.111194186,0.9957484,0.18337284,-0.44156447,1.1455916,-1.060698,-0.6687077,-0.42990154,0.062268853,0.6406962,0.60282505,0.034068342,-0.00886514,0.16715923,0.5334016,0.11683284,-0.37655434,-0.373344,0.21236384,-0.36014265,0.61315197,-0.03688832,0.5197798
r.yanase,1,3,0.21566851,2.108161,-0.059803747,-0.5124735,0.0047643147,0.93905216,-0.49622825,0.47242957,0.4809707,0.3899306,2.3215873,0.7807621,-0.6117511,-0.6004466,-0.22805478,-0.37192604,0.15147853,-0.4281327,0.7095371,-0.14654869,0.25482494,0.35046422,0.080178685,0.70701724,0.10780099,-0.14727652,0.10612221,0.706716
s.miyama,0,3,-1.1046731,0.1755478,-1.0436333,0.031389475,-0.8206273,-0.13441671,-1.154608,0.713966,0.40386683,0.9802935,-0.45617643,-1.3315965,0.09457557,-0.5398096,0.069370605,0.19577047,0.08250983,0.30018908,1.0855764,0.5101192,0.39411193,-0.2110973,-0.25749865,-0.6850732,0.5840785,-0.078856155,-0.15996365,-0.04372728
s.miyama,0,3,-0.4726224,-0.010887323,-1.4262539,-0.19140872,2.3787503,-1.0874146,-0.45197102,0.410872,0.18930899,-0.38258678,-0.65001345,-0.1841076,0.2200656,-0.6618258,0.20195574,0.42654586,-0.015614603,0.15784521,-0.5259888,-0.052459583,-0.15253298,-0.24173748,-0.43636757,0.41828838,0.82445186,0.03647901,-0.2622812,0.26610866
s.miyama,0,3,-0.82236934,1.1483743,-0.34337804,-1.8985668,0.9375707,-0.15764256,-0.30554456,-0.17609458,0.9246154,1.2635567,0.42227483,0.36198387,0.17350897,-0.8191194,1.1321166,-0.38201374,0.22117414,0.104407415,0.32252997,0.5543636,-0.28503734,0.2982902,-0.6772215,0.31183454,-0.01167058,-0.48144245,-0.065456614,0.4014499
s.miyama,0,3,0.9959125,0.014155991,-1.8723786,-0.7712007,-0.7905908,0.5416833,-1.4911029,-2.2728672,0.6936662,1.4465951,-0.8412987,-0.28923342,-0.15029174,-0.27845448,-0.13018346,0.31571817,0.6396031,-0.84529,0.26242867,0.40156388,0.3898592,-0.5141224,-0.11272515,0.46302435,-0.058788963,-0.13485324,0.28433332,1.2878634
s.miyama,0,3,0.93153733,-0.04005503,1.0008206,-1.2586951,-1.986366,1.512676,1.1067713,1.1959771,1.7176675,-0.9595397,-0.6478247,0.9540224,0.13149762,-0.1433323,0.03216221,0.37587106,0.36524367,-0.1432473,-0.5000004,0.733221,0.033725187,0.25589487,0.12650162,0.14596915,0.2904126,0.3203469,-0.015861325,0.4139952
s.miyama,0,3,0.532264,1.641586,0.735122,-0.1777918,0.3922,-0.030878466,1.0191846,-1.6786311,-0.89470446,1.7050475,-0.1996988,-0.059484765,-0.30706212,0.4356656,0.25408217,-0.26713413,-0.18361467,-0.36948246,0.3268086,0.52035856,-0.0129262805,-0.4933838,0.36320996,-0.86456245,0.53163195,0.1346354,-0.23561493,-0.1883104
s.miyama,0,3,1.3979163,1.1354107,-1.4813815,0.72473586,-0.6845576,2.298841,-0.6176714,0.6023117,0.21800664,1.7411779,-0.2514623,0.7686232,0.20723027,-0.35780656,0.32337332,0.0690455,-0.025570774,-0.063249454,0.33935517,1.2345831,-0.15135911,-0.54842937,-0.28535742,0.3470615,0.1495742,-0.36998245,0.5335367,-0.015453279
s.miyama,0,3,-1.3290306,1.2371329,-1.695971,0.40758187,0.95225585,0.07681744,0.85263085,-0.6611334,0.07305057,0.5377964,-1.0428072,-0.3188812,-0.09766615,-0.20482263,-0.08161509,0.7209445,0.30137476,0.085721835,0.75064224,0.36903894,-0.05560465,-0.22034168,0.26970917,0.19517218,0.5968809,0.32576826,-0.24911022,0.30293542
s.miyama,0,3,-0.41643244,-0.9693431,-1.242701,0.40640706,1.3966469,0.15925285,0.06154242,-0.685325,-0.43702146,0.2855848,0.04321661,-2.0443263,0.6130426,-0.096443295,-0.087218225,-0.23318948,0.6673509,-0.14810668,0.30236894,-0.17105058,-0.12019818,-0.25013652,0.34988922,0.086510256,-0.27595738,0.35082096,0.10758686,-0.061218366
s.miyama,0,3,0.7023714,-1.9183223,0.7555066,0.037486404,-0.85529155,0.75626934,-0.37842295,-0.6524031,0.05128801,-0.5101318,1.2773211,-0.24405107,-1.0641594,0.56615794,0.21927014,0.07870091,0.23269539,0.25311965,-0.0046877284,0.18503831,0.08914165,-0.428234,0.58402807,-0.5648062,-0.6381268,0.75445837,0.5094959,0.30957064
s.miyama,0,3,0.77127945,-1.2434101,0.9695783,-0.47868043,-0.24132353,-0.016476989,-0.21598168,-1.0611316,-0.46684507,0.35317132,0.51892704,1.6440108,0.49918225,0.59961665,0.5914775,0.29523373,0.1458696,-1.1799943,-0.3139389,0.41153464,-0.88965195,-0.1320992,0.2469616,0.21921109,0.09752625,0.16343193,0.38301688,0.54130626
s.miyama,0,3,0.54880786,0.17717326,0.304632,0.5892895,0.97344494,-0.5587052,-0.39239138,-1.4136081,-0.8766642,0.2642796,2.0929046,-0.24923521,-0.17846559,0.42621678,-0.3756013,0.0361895,0.49091768,-0.10125542,-0.072658256,0.00130108,0.028767526,0.71072686,0.32998705,-0.14855102,-0.27058694,0.7320092,-0.072444126,0.14906067
s.miyama,0,3,-1.1076986,0.3085708,0.5346101,-1.4580361,-1.0359985,0.80370855,0.42088282,0.33419657,0.5276985,1.0259991,-0.97354186,1.6073226,-0.16829824,0.13326406,-0.44752908,0.41566548,0.56983083,-0.13524547,0.14258912,0.20970947,-0.6074794,0.35520756,0.26919287,0.13705647,0.6577852,-0.0130579015,-0.033213746,-0.031501874
s.miyama,0,3,1.1018823,0.53104013,-0.65664214,0.016488,-0.34523124,-0.03974935,1.28254,-0.012152053,-0.52519304,1.479688,-1.2749513,-0.9450066,-0.41969138,0.37287518,0.18495251,-0.0920526,0.55391973,-0.31488016,-0.28366953,0.79459476,-0.823815,0.051357985,0.18145943,0.20985296,0.15762493,0.7382488,0.7984404,0.07233785
s.miyama,0,3,2.1425672,-0.32783094,-1.2388704,-1.4737021,0.49502355,-0.24177147,0.2804959,0.37471604,1.8693746,0.2927178,0.62513924,1.5013041,-0.004166834,-0.43133554,0.4548688,-0.91929984,-0.18027766,-0.10183491,-0.062579796,-1.1804577,-0.3729924,0.18793431,-0.8702049,0.12056396,0.31595123,-0.5292665,0.22790816,-0.30940813
s.miyama,0,3,0.054696724,-1.4076982,1.6195954,0.12812802,0.25163674,0.6900548,0.42901558,0.075328976,1.4042238,1.0901096,0.9105689,0.061736844,-0.43034777,0.32500073,0.5206316,0.010744948,0.50374395,-0.32548627,-0.5264468,0.21147655,0.32415533,-0.0377514,-0.8015449,-0.5417563,-0.07151388,-0.10987722,-0.18695478,0.028116018
s.miyama,0,3,0.3700276,0.91039073,-1.9040604,-0.63100046,0.05627118,0.9702489,-0.62640285,0.4363538,0.58181727,0.56460375,-0.27020353,-1.0582298,0.13866986,0.13613024,0.0001744926,-0.060434278,0.6841516,-0.2776072,0.4815717,0.07554236,-0.97448236,-0.10533949,0.24820773,0.1479499,0.53996354,-0.9331134,0.7174395,-0.4066202
s.miyama,0,3,-0.26741588,1.4543726,-0.5390968,1.1344513,1.1309078,0.5772008,-0.6028298,-0.047758464,0.63315403,-0.10081053,-0.8845489,0.088575326,-0.17544231,0.6998024,0.39423573,0.55624306,0.36917448,-0.46979368,-0.61644393,0.4722607,0.049290046,-0.5184828,0.010820858,-0.67077523,0.7695531,0.14668597,0.054124802,0.68725276
s.miyama,0,3,0.5056544,0.89640474,0.26759607,-0.16480482,0.824031,-1.3337194,-0.4414435,0.11022503,0.9101529,-0.09195487,-0.65512925,-0.9680977,0.38389495,0.1268617,0.25800142,-0.558217,-0.43024075,-0.4632427,-0.35439393,-0.16919854,-0.35944235,-0.25380903,-0.80689174,-0.085176826,0.1327458,-0.033151545,-0.28201258,0.47847694
s.miyama,0,3,0.054620825,1.2022678,1.9611661,-2.2959487,1.5008239,2.8192494,1.1279958,0.49907315,0.901695,0.31477618,-1.1099054,0.67184544,0.3914805,-0.14982983,0.011465497,-0.4929013,-0.13908435,-0.4807703,0.37240437,0.6140615,-0.20603445,0.11522103,-0.013527948,1.249272,-0.26758596,0.13707721,-0.24479285,0.31131127
s.miyama,0,3,-0.2321794,-0.013648702,0.76779777,-0.887172,0.48244306,1.3058503,-1.0923827,-0.56250125,-0.9901581,1.488398,-0.8411777,-0.43306547,-0.03442111,-0.3186642,-0.77534884,-0.13135023,-0.2507956,0.32786977,-0.618109,-0.716885,-0.29320136,0.320312,0.22867614,-0.47328043,0.17274317,-0.4921604,-0.7008149,0.5087961
s.miyama,0,3,-0.32967472,-0.5212382,-0.5272278,0.31607664,1.2987584,0.31487185,0.1681169,0.2593387,1.2485428,1.8888407,0.09383562,1.1792834,0.42824867,-0.12080352,0.15237251,0.39956814,-0.06641987,-0.6091138,0.5259712,0.532732,0.2534278,-0.07899297,-0.4050954,-0.27361524,-0.18172489,0.22893134,-0.0058812425,-0.44220817
s.miyama,0,3,-1.0377096,1.0515872,-0.28351212,0.7256683,1.7236178,-0.45766056,0.8863903,-0.1618167,0.36520445,0.25280336,-0.2915314,0.17193326,-0.085590646,-0.68619937,0.35088587,0.09467986,0.020028004,-0.07649501,-0.067554794,0.011992365,0.24286668,-0.043344818,0.12676895,-0.603403,-0.052039832,0.16354707,-0.1909425,0.6514101
s.miyama,0,4,0.50569516,-0.1387968,0.026780628,-1.1277146,-0.09762587,1.7764287,-0.13567701,1.3661709,-0.6442848,1.6753408,-0.09149338,0.667314,-0.88197726,-0.11068726,-0.8016877,0.8142768,-0.19923915,-0.4985121,-0.42998582,-0.60785973,-0.23912875,-0.082433745,-0.4025338,0.44715863,0.02609924,-0.75728655,-0.32307112,0.19989151
s.miyama,0,4,-0.22237377,0.36562732,0.012056105,0.66766095,-0.66988796,1.2425597,1.5210114,-0.7732532,0.08767386,0.0097405575,0.39964592,-0.951133,-0.24302547,-0.5063673,-0.30998725,0.5653261,0.17332946,-0.4531849,0.034299463,0.84069586,-0.12249634,-0.092330195,-0.55950594,1.0584326,-0.3380691,0.22483087,-0.11700077,0.2748519
s.miyama,0,4,-0.433568,0.32694128,-0.6088227,-0.4839031,0.16196392,1.2175499,0.042582303,0.38408452,1.0764707,0.4321327,-1.2501185,-0.49406862,-0.3727763,-0.21279398,0.0582754,0.13736287,-0.55193675,-0.36594927,-0.08457773,-0.7265456,0.5251512,-0.17079306,0.37931025,-0.24181445,0.67170835,-0.13576104,0.26909882,0.9114422
s.miyama,0,4,-0.60478574,0.23757774,0.6312001,1.4430485,-0.8775422,0.14979573,-0.17840976,0.19706385,-1.6678467,-0.35776258,0.8843258,-0.6199636,-0.4368586,-0.2240726,0.48586595,0.50034916,-0.003647578,-0.06926045,0.432678,0.10114778,0.18618034,0.9755707,-0.57614213,-0.012978874,0.10282612,-0.2620113,0.1756386,-0.19858836
s.miyama,0,4,-0.573738,1.420351,-0.59143424,-0.019605896,0.6790262,0.6276115,2.0012236,0.33301747,1.5595102,-0.3290294,2.099637,0.37191665,0.07071984,-0.23211092,-0.5944372,0.45819572,-0.18550839,-0.19727273,0.05375299,0.43154866,0.14666875,-0.23473337,0.5471063,0.4493001,-0.4208829,0.05154869,-0.4076911,0.027736604
s.miyama,0,4,0.12567627,0.883847,0.9382596,-0.037750266,-0.5638238,-1.1503438,0.11100212,-1.5089378,0.30794933,-0.24333437,-1.9668801,1.4816518,0.43722346,0.21203431,-0.44518006,1.6268022,0.16722462,0.063215956,-0.5001904,0.4323188,-0.7868283,-0.078533575,-1.1506674,-0.36054158,0.24608561,0.5814971,-0.03622551,0.07038361
s.miyama,0,4,-1.8151004,0.28356165,0.27689958,-1.4070557,-0.5100925,0.3126058,1.2422174,-0.577308,-1.8566203,0.314381,-0.958512,-0.21028093,0.40943727,0.08084065,-0.23141775,0.5866654,0.088722154,-0.36538917,0.34968305,0.28750658,-0.11009489,0.018692793,-0.2655915,0.27499354,0.40256354,0.035440423,0.37954718,-0.029037878
s.miyama,0,4,0.013294239,1.0691563,-1.160678,-0.68616503,-0.53128076,-0.5413029,-0.4747097,0.18931329,1.0012922,1.0561255,0.8718043,-0.8659784,-0.07206964,0.46283025,0.15876406,0.10769587,-0.12357479,0.22334336,0.2444838,0.02219002,-0.24250452,-0.5151016,0.2420795,0.60846806,-0.45148906,0.8171363,0.46298856,-0.1424218
s.miyama,0,4,-1.4422493,-0.32547545,-0.33913702,1.7416584,-0.671728,1.6303654,0.67806107,-0.12452203,0.28787968,-0.58490217,1.1911494,0.18029468,0.23380631,0.32756668,-0.34185413,-0.30851737,-0.46989727,0.5524133,0.834091,0.7998817,-0.061349887,-0.16460863,0.3444528,-0.721004,-0.5032336,-0.27844572,-0.20363986,0.06092593
s.miyama,0,4,-0.4685667,-0.31961417,-1.7127705,-1.2110314,-0.62464005,-0.28539145,0.8123815,1.1378247,0.20820099,-0.41315436,-2.3832564,-0.7115144,0.8423015,-0.3510286,0.62320274,0.41563493,0.8426728,-0.2810015,-0.08733773,0.3814862,-0.102281556,0.18376772,0.04761739,-0.4884956,0.5561986,0.26220495,-0.30219886,0.19365689
s.miyama,0,4,-0.071702644,0.68538946,1.4355391,0.5933771,-0.46397066,-0.7769333,-1.148072,-1.250362,-0.63500524,-0.742912,0.7986415,-0.16985962,-0.70177895,-0.1361215,0.16448563,-0.8305759,0.33159307,-0.7174336,-0.16118234,0.11876652,-0.60823333,0.51448196,-0.28570417,-0.06952292,0.68829966,0.36823606,0.6660079,0.3314888
s.miyama,0,4,0.57942915,0.53530407,-0.5096804,-0.89682573,-0.5462327,0.47952247,-0.8030802,0.7294178,0.33002287,0.6821527,1.2796233,0.074493915,-0.07785982,-0.03743326,0.7285372,-0.005528343,0.5605758,-0.15348247,0.10310423,-0.18429536,-0.03400006,0.09062859,-0.28936136,-0.31506568,0.338697,0.1175116,0.94635475,0.27223542
s.tahara,0,4,0.6767072,0.9404895,-0.4893983,0.03802977,2.3584278,-0.4837688,0.06675587,0.43518865,-2.0886302,0.7208181,0.3250487,0.52685744,-0.5046554,0.70352435,0.47138983,-0.41104418,0.10187246,-0.21079332,-0.27991217,-0.17020431,0.21916823,0.59719944,-0.113861844,0.41978368,0.67023027,-0.3604902,-0.13461317,-0.08923547
s.tahara,0,4,1.2262331,-0.30615932,1.1068796,0.80138224,0.44895715,0.6104978,1.0736217,-0.7297476,1.69909,-0.48324925,0.5725016,-0.64329827,0.8194218,0.21954031,-0.45526078,0.765371,-0.31175306,-0.65123785,0.14360149,1.3789648,-0.14071843,-0.034731492,0.25346872,0.24210714,-0.32264054,-0.39166293,-0.4264022,0.5461694
s.tahara,0,4,-1.3374574,0.53186476,0.18148604,0.43640494,0.10663574,0.49049252,0.45277268,-0.4311142,-0.8424362,0.6541282,1.3979367,2.1399934,-0.14045227,0.27631897,0.1631251,0.242672,0.22310764,0.044439524,0.2501742,-0.57129,-0.67944586,-0.09338475,0.07924482,0.124999896,-1.0741855,0.14886427,-0.20478792,0.36927408
s.tahara,0,4,1.6695468,0.5288527,-0.17094603,-0.63088953,-0.69967294,-0.030296654,0.6414468,1.3209825,0.58567715,0.84030926,1.6034744,0.5777596,-0.346817,-0.1759805,0.46735388,-0.32607365,-0.19670442,0.24251167,-0.35733783,0.3835299,0.3811499,-0.35100707,0.1721354,0.6390984,-0.24296457,-0.07163979,-0.18987525,0.42228848
s.tahara,0,4,-0.33720094,0.97302157,0.81128246,-0.32962835,-0.49125448,0.64353865,0.65883094,0.04744649,0.47596225,1.6016406,1.0633864,1.805577,-0.04610941,0.2533084,-0.024386555,-0.059505414,-0.013138189,-0.06942144,-0.29233605,-0.094658285,0.05908242,-0.21139129,0.08882412,0.19457108,0.12342867,0.8824858,-0.37748945,0.016288564
s.tahara,0,4,-0.83220845,-0.8414255,-1.2285573,-0.277914,-0.013824433,1.2644144,0.89898336,-0.4093699,1.0879874,0.42029634,-0.4686044,0.10566932,0.07176926,0.21653731,-0.52610594,-0.2503967,-0.1435385,0.08432393,0.6392231,0.39187717,-0.14004509,-0.79059404,0.24138483,-0.27856755,-0.37382203,-0.1551429,0.07768616,-0.34486806
s.tahara,0,4,1.1198878,0.25145122,0.9992044,-0.4067995,-0.31885657,0.80214983,1.101133,-0.9547443,0.63736576,0.5706979,-0.75933033,0.75882,-0.002450399,-0.80143744,-0.058520004,-0.38725343,0.5946624,-0.13035177,-0.5627718,0.29546615,0.5147941,-0.044840716,0.33719796,0.13014238,-0.058095865,0.1788188,0.014228316,0.02559179
s.tahara,0,4,0.933563,-0.21497935,-0.1322184,-0.8064065,0.2452871,0.68622327,1.1335377,-0.60234267,2.2953312,0.8817848,-0.4585756,1.2106223,0.030833311,-0.0845027,0.30676293,-0.19543904,-0.08916004,0.040016234,-0.45588404,0.48162478,0.6307661,0.418404,-0.11978915,-0.0598737,-0.15483764,-0.38371685,-0.5093192,0.62404317
s.tahara,0,4,-1.6317014,-1.252647,-0.18760026,-0.17720489,0.4449545,-0.05518621,-0.44287577,1.6507397,-0.24266857,0.35129893,-1.3954968,0.6056731,0.32086903,-0.64250827,0.06844965,-0.43294156,-0.06440325,0.25155842,0.041028045,0.3285715,0.68853664,-0.0497123,-0.29130143,0.3757459,0.16548035,0.35682955,0.3769832,0.3860821
s.tahara,0,4,-0.35734755,-1.1645606,-0.0560498,0.4275748,0.45867503,-1.3239002,-0.14988448,-0.13142666,0.21753034,-0.26958224,0.96222746,0.21521491,-0.1655308,-0.014857534,0.78032637,-0.34066522,0.597716,0.020150304,0.47054937,0.17419481,-0.96303034,0.33337814,-0.541187,-0.05827409,-0.31374896,0.10228739,-0.40531835,-0.0026176423
s.tahara,0,4,-0.18288232,0.44692326,0.3407437,-0.46207952,-0.82440543,-1.2643331,0.21159884,0.41562387,1.1797415,-0.5219387,-0.69177485,-0.30215868,0.019794054,0.21191527,0.4376808,0.5235392,0.35496333,0.14823385,0.4091843,0.1515567,0.52623576,0.032048605,-0.6703796,0.3094384,-0.19147483,-0.30244893,0.8357278,0.21698074
s.tahara,0,4,1.6217661,-1.0931064,-2.1024468,0.38914794,-0.962924,-0.22152954,1.1485785,1.7299683,0.30444413,0.2217276,-0.26397443,1.1510128,0.18305601,-0.15081108,-0.11070575,0.4482997,-0.4149229,-0.14352554,-0.83585703,0.015178487,-0.71901745,-0.010077752,-0.28544933,0.18985662,0.18792309,0.4588203,-0.42004514,0.7863973
s.tahara,0,4,-0.38230166,-0.28417712,0.957523,0.126591,-0.31206477,-0.8147187,-1.6693581,-0.48984239,1.4134434,-1.2928421,0.10744438,-0.6576586,-0.1435799,-0.027492777,0.104561366,-0.17826913,-0.27297992,-0.23139459,-0.532302,-0.41314214,-0.1693326,0.40832332,0.3506475,0.21723306,-0.2633828,0.34407565,0.19088952,0.23924366
s.tahara,0,4,-0.77458835,-0.9465857,-0.42534646,1.1723878,-1.5104766,-0.109736234,0.15925169,-0.6231024,-0.605216,0.6898368,-0.44823456,-0.30954012,-0.40420777,0.60298336,0.16744016,-0.15379196,-0.080160886,-0.10167684,0.29093358,-0.6313818,-0.8013705,-0.014861997,0.12458042,0.850988,0.5719829,-0.38772002,0.048987567,0.13535449
s.tahara,0,4,0.84349096,0.60368717,0.8277571,1.0199169,-0.40494436,-0.20237279,-0.7857721,1.2731586,0.714479,-0.04503638,0.08264387,-0.3591775,0.3479263,-0.4364003,-0.15521303,-0.2527997,0.06659804,-0.03686878,0.6026252,0.3227843,0.22679947,0.4015483,-0.20160344,-0.20996466,0.24093032,-0.39144224,0.4035043,0.50733554
s.tahara,0,4,-0.70579755,0.4688974,-1.4760025,-2.2127783,0.5458211,0.8696765,1.8599361,0.91177267,0.55634487,0.16070126,0.47111648,1.1211027,-0.055044286,-0.026714224,0.0089016035,0.11206243,-0.12246069,0.61592215,0.35962301,0.7324888,-0.46121004,0.3048784,0.40845668,0.34217775,-0.1532468,0.07955768,0.07926357,-0.5901656
s.tahara,0,4,-0.085069664,-2.0631514,2.5127273,0.45767882,1.047823,1.2436576,-2.0037506,-0.25634262,-1.4914382,-0.21002918,-0.11151003,-1.2507273,0.026448652,-0.2943187,0.513556,0.094982,0.18639457,-0.38348746,-0.5221128,0.42870015,0.042263582,0.32399124,-0.69534534,-0.001178056,0.2840497,-0.071462214,-0.4692225,0.4875471
s.tahara,0,4,-0.06273483,0.3996642,-2.3610928,-1.1725291,-0.1889579,0.06625262,0.26575547,-0.08852796,-1.3019766,-1.3691187,-2.1638427,-0.33213592,-0.18537956,-0.13858438,0.047115542,-0.19162299,0.79497147,-0.52112055,0.052663334,-0.15440851,0.092872724,0.17639516,0.21239085,-0.13451575,-0.7718419,0.19782604,-0.47481263,-0.3330074
s.tahara,0,4,-1.518853,0.39889136,-0.6999035,1.1940126,0.49238753,-0.1741677,0.5137323,1.3495151,-1.614591,-1.7270404,1.1694393,-0.3314555,0.015305504,-0.19674528,-0.31100613,0.2618581,-0.6152102,0.6225577,0.09628197,0.38486868,-0.43059054,-0.75658154,-0.215264,0.0776768,-0.5168748,-0.60858,-0.16381614,0.3704033
s.tahara,0,4,-0.5125801,0.11762185,0.57416886,0.0700521,0.9948922,-1.2739273,-0.29998723,-0.14227237,0.58609545,-0.08202134,-0.076926805,0.544008,0.08591249,-0.5173973,-0.03414029,0.06289821,-0.33078116,-0.09610473,-0.31597033,-0.9083675,0.35809916,-0.36436594,0.3604856,0.13884038,0.5061513,-0.07912798,-0.6686335,0.41260862
s.tahara,0,5,0.7225206,0.45289093,-2.0675156,0.56809753,0.89421827,-1.478091,0.77981424,-1.8174022,-0.13268384,1.4396415,-0.12540612,1.2010574,0.026642263,-0.7466214,0.70118076,-0.67197615,0.5305996,0.5032399,0.46495262,0.18870738,-0.20223969,-0.29784232,0.03370411,-0.24004734,0.45330933,0.24798208,0.2865879,0.9305694
s.tahara,0,5,0.28063866,-0.64642507,0.12309923,1.071905,0.06952028,-2.519694,1.2359871,0.6466712,-2.6281517,0.40948248,0.46694732,-0.46792564,-0.23086756,-0.34112114,0.09438089,0.042615056,-0.8301501,-0.45411462,0.5491323,0.13361165,0.122081205,-0.32745007,0.19774224,0.19119401,-0.20838629,0.13271716,-0.41068596,0.28050438
s.tahara,0,5,0.39442292,-1.1388913,-2.1630468,-0.09349676,0.56047124,-1.1936369,-0.31373376,-0.039920006,-0.49798137,1.8184466,-0.65657157,1.6207318,-0.13870281,-0.050706662,0.85795945,0.24905637,0.36145785,-0.9101445,0.032695122,-0.55069023,-0.45587105,-0.1080041,-0.09701052,-0.30601904,0.00472679,-0.044210993,-0.48020965,0.37887704
s.tahara,0,5,0.19248562,0.016940668,0.10692873,1.5696952,-1.0788655,-0.014815912,-0.16004318,0.584989,0.031655297,-0.582422,0.25481576,-1.1636069,0.51838106,0.037740268,0.37245172,-0.05709632,-0.17382364,-0.60125667,0.4966446,-0.40360618,0.35398066,0.30228359,-0.56679,0.16455394,-0.79103065,0.05561232,-0.08634287,-0.5927605
s.tahara,0,5,0.25289422,1.2649579,-1.5673487,0.54739535,0.78128695,1.461709,1.1133215,-0.06619897,0.07766667,0.46638605,1.3716817,0.24982752,0.6496694,-0.29599077,0.05303304,-0.2805264,0.09272146,-0.051874973,-0.07296546,0.2515319,0.14708735,-0.18358442,0.27839893,0.29622322,-0.020255277,0.23418593,-0.11237633,0.7761988
s.tahara,0,5,-0.4085805,1.3774229,-0.9894507,0.35591692,-0.43885964,-1.3004994,0.20538825,-0.29240102,-0.5273284,-0.29394644,1.2127371,1.3333765,0.14458819,0.45866385,0.5130572,0.53559625,-0.020762395,0.29211432,-0.20305216,0.39648527,-0.04348519,0.10613875,-0.8094235,-0.28752336,0.029579004,0.44827968,0.09553252,0.22135048
s.tahara,0,5,-0.8436411,1.5957434,-0.8002637,-1.5481035,-1.0566977,-0.5629361,1.0401754,-0.018696487,0.13175881,1.4027454,0.059076548,-0.71662474,-0.011369683,-0.36298752,0.56078863,-0.0075276094,0.2598984,0.4448796,0.2832145,0.1820717,-0.27186152,-0.6066883,-0.16431227,0.8110873,0.22597441,0.21101993,0.46459383,0.40280747
s.tahara,0,5,-0.9552171,0.33248252,1.4874915,1.2922786,-1.1456552,-0.27914542,-1.7788532,0.051515583,0.20538938,-0.13333848,-0.12510972,0.15673439,0.43289757,-0.25768393,0.59922326,0.41506788,0.17673425,-0.35379574,-0.25982985,-0.7431591,0.06612836,-0.09678828,0.33960947,-0.8336325,0.7052192,-0.07248453,-0.19676004,0.6503843
s.tahara,0,5,0.4576815,1.2139133,-0.616041,-0.6134489,2.0183885,-1.8099701,0.8988929,0.9250994,-0.7781676,0.51855445,0.78676295,-1.4209462,0.5109207,-0.520974,-0.47037214,-0.35218158,0.45154575,-0.16508391,0.008603325,-0.21527863,0.33150995,-0.1943051,0.21787088,0.036869437,-0.5064964,-0.64134425,0.15087125,-0.47393245
s.tahara,0,5,-0.60772663,-0.70040923,0.93356985,-1.1193211,-1.2653846,0.36894923,-0.38703722,-0.89507437,0.93717957,0.31091395,0.21867776,1.0139134,0.10955723,-0.3637992,-0.7948141,0.44769976,0.040668104,-0.27057582,0.21497117,-0.015187234,-0.49129087,-0.5077242,0.07580491,-0.024896905,0.006409146,0.27390057,-0.6358818,-0.171218
s.tahara,0,5,0.9942142,1.3754629,0.035487965,-1.223144,-1.724845,-0.594021,0.45063832,0.121783614,0.6023115,-0.7259009,0.6681523,2.3938317,-0.21750933,0.63967115,-0.31552368,-0.017476115,-0.23834139,-0.19154024,0.45961028,0.37058342,-0.0119884685,0.32290488,-1.0167124,0.019801788,-0.19406965,-0.107967556,-0.23806363,0.8718562
s.tahara,0,5,-0.79589677,1.6489902,-0.21773937,-0.2206271,0.027794018,0.7470605,-1.0181947,0.7133848,1.4200478,-0.7497974,-0.5176961,-1.4252992,0.034332223,-0.21072276,-0.10163656,-0.21975146,0.07670236,0.32070357,0.39398023,0.5728357,-0.2767251,-0.14809339,0.014013156,0.7420545,-0.47372568,-0.46749413,0.0404231,0.11307858
s.tahara,0,5,-0.5415013,-0.65149003,-0.4776689,-2.4344003,2.4490962,0.5300412,0.34013116,-0.6119248,0.5127751,-0.5491022,0.80372477,0.4495278,-0.34081936,0.1738362,-0.15192313,-0.07384258,0.6423806,-0.33803257,-0.0024088416,-0.1414265,-0.10682868,0.41332436,-0.5386766,0.046637256,0.13099127,0.15363364,0.06887959,0.12073714
s.tahara,0,5,-0.48376697,-1.0622947,0.8383667,-2.8237562,-1.219895,-0.41104048,-1.2961593,0.7167707,1.1182235,-0.00012620538,0.46584606,0.658431,0.58132875,0.6711781,-0.53527737,0.25274205,-0.8073552,0.27178872,0.30296043,-0.28299215,0.6332019,0.24174428,-0.16273668,0.38935083,0.5768703,-0.12918827,0.3857066,0.5204801
s.tahara,0,5,-0.9476317,0.036467347,0.06817538,-1.7565839,0.4005189,-1.2118859,1.4709096,1.9505521,-1.1166358,0.92023134,0.30599093,0.03921088,-0.20052561,0.7626263,-0.5188318,0.112766474,-0.7360113,0.15593888,-0.666542,0.52405614,0.167655,-0.5455316,-0.09931744,0.07541548,-0.013070221,-0.42500186,0.3644009,0.03938763
t.hasegawa,1,5,0.3150213,1.6417584,-0.008597828,0.9261529,-1.1445802,-1.765005,1.1738584,0.2682395,-0.99445313,0.5555447,-1.2767489,0.08399777,0.2032792,0.22133008,0.44027108,0.11365952,0.42241448,0.34801513,0.24277437,-0.4534322,-0.20893896,-0.5443415,-0.36527586,0.593333,-0.2074064,-0.055909153,-0.22012168,-1.105496
t.hasegawa,1,5,0.7956065,-0.03540039,0.17329633,-0.4831388,0.6750826,-0.23404935,1.7087247,0.13278657,-0.7519124,0.35079676,-0.89642835,1.1120437,0.5029073,-0.19564927,0.85685754,-0.043697625,-0.041352183,-0.28288916,0.049722306,0.2246257,-0.056152396,-0.084028386,-0.3825338,0.5580682,-0.42466536,0.04150621,0.30214489,0.2471155
t.hasegawa,1,5,-1.6023562,1.9389148,-0.5772368,-1.3869629,0.654326,-0.15033,-1.0937291,-2.0903544,1.5018964,-0.29500896,1.024633,0.49116206,-0.47305802,0.11115171,-0.14819385,-0.17916109,-0.07038081,-0.23258094,1.0047642,0.48083326,-0.482793,0.019240284,0.26844305,0.15431379,-0.093327165,-0.33199707,-0.071938604,0.5937184
t.hasegawa,1,5,-0.036920935,0.31950814,-0.03987573,1.4084281,1.4136047,0.39943036,0.6147304,0.31465995,-1.2701671,-0.44207877,1.8322587,-0.28381145,0.11452575,-0.5832039,0.01714015,0.254482,-0.5219725,-0.7119984,0.17806889,0.66877466,-0.3026827,0.3317256,-0.65098697,0.3860976,0.27500927,-0.9114139,0.41620752,-0.09289424
t.hasegawa,1,5,0.09158044,0.6738074,-0.046518557,-0.014751572,0.70427495,-0.463266,-0.120615155,-0.7681765,-0.602846,-0.40376222,-0.9348767,-1.9733142,0.25256228,-0.83885074,0.38388556,0.07773123,0.7929176,-0.5124261,0.18027745,-0.13325778,-0.42441636,0.59377915,-0.39810017,0.29287982,-0.18924515,0.1962496,0.05150739,0.00015357137
t.hasegawa,1,5,0.34289694,-0.045058332,-1.6853716,0.9370911,0.7389697,-1.1585197,-0.12651029,-0.21684197,-1.1846588,1.0364472,0.52122545,-0.35332492,0.2535776,0.98508954,0.024371363,0.4253738,0.08419886,-0.006207414,0.46555734,-0.395406,0.42421788,-0.2822113,-0.47385827,-0.6820451,-0.27986646,0.86425936,-0.42280984,0.33523047
t.hasegawa,1,5,2.4229627,-0.025365705,0.92281336,1.10172,0.58458316,0.5521377,-0.77868855,-0.22829753,-0.58020926,0.8855966,-1.5147601,0.37452194,-0.086099334,-0.18147337,-0.14254479,-0.36615804,0.07075487,0.41502303,0.39817348,0.11185489,-0.44730675,0.43877524,-0.016459286,0.7763354,-0.078803346,0.014788855,0.4352561,0.51818544
t.hasegawa,1,5,1.5526253,-1.444501,0.9905574,0.17673813,0.31790674,0.026737858,0.9847503,-0.23192498,-0.7850236,0.82199526,-2.0085506,-0.7835281,0.40216616,0.057755694,-0.48812252,0.14218505,-0.49562502,-0.14956631,-0.09159848,0.7017317,-0.124744035,-0.5933141,-0.2560261,0.22836089,0.8517814,-0.60536885,0.6663297,0.26068306
t.hasegawa,1,5,-0.93585914,-0.24088281,-0.44213924,0.34161538,0.6390695,0.7167969,0.84814626,0.033459827,-0.72910124,1.8492818,2.3187172,0.9475006,0.5004599,-0.22820078,0.14749037,-0.16740464,0.06382628,-0.9714013,0.27534604,-0.1622183,-0.18004659,-0.089412734,-0.1817006,0.0049318075,0.7423583,0.08871573,0.042642128,0.4395362
t.hasegawa,1,5,-0.10274169,-0.81148386,-0.29070738,-1.2649212,0.5011493,-1.0793488,-1.8534424,-0.882898,0.8127609,1.0693717,-1.0509987,0.3037426,0.3357696,0.35069835,0.05932887,0.27122754,0.8665958,0.06053497,0.4552356,0.21643426,-0.7716865,0.18314832,0.44393295,-0.50567245,-0.3464545,0.91360015,0.7026444,-0.082283765
t.hasegawa,1,5,-0.0015825182,1.0363972,-0.59249324,-0.31115395,-0.82713044,-0.013604987,-0.13009429,-1.538226,-1.2054323,0.27233943,0.43782392,1.9978445,0.05448742,-0.18465707,0.09360129,0.23784874,0.08683625,-0.30176097,-0.055442035,-0.040635705,-0.33215523,0.020360207,0.3540637,0.05362415,-0.1569824,-0.45645922,0.17335005,0.31899178
t.hasegawa,1,5,-2.204927,-0.28889698,-0.30731717,1.0903517,-0.33006066,1.7427033,-0.12523423,-1.7124722,0.95977795,0.44890943,-0.45385805,1.0517844,0.007804729,-0.42917025,0.13250484,-0.13438813,0.41957334,0.59336495,-0.238894,0.49707597,0.124566704,0.30094847,-0.31346798,-0.46433637,-0.06430064,-0.26610598,-0.5061809,0.68912894
t.hasegawa,1,5,0.34421006,1.709017,-0.5404482,0.5183921,-1.0311753,0.993726,-0.32583347,-0.2558642,-0.5629757,-1.1026614,1.5885206,-0.9376729,0.77713734,-0.76682484,0.9805884,-0.12229362,0.1791971,-0.27071336,0.19380908,0.5676168,-0.6572224,0.8306919,-0.34381056,-0.6482742,0.023634074,-0.042163808,0.18063036,-0.018497512
t.hasegawa,1,5,-0.6915155,0.7057029,1.061163,-1.4293854,-0.98506,0.49715495,-0.26526353,-0.29473796,-0.0829297,-0.95876974,0.049754582,0.75496984,0.57390815,0.7606979,0.024818659,0.0033627592,0.033339843,-0.74677086,-0.29256418,-0.09236255,0.8663128,-0.5047818,-0.09768314,-0.5685039,-0.17594513,-0.34865424,0.54339325,-0.07454494
t.hasegawa,1,5,0.14387453,-0.6019516,-0.038225196,-0.2429049,-1.9363332,-0.10172397,-0.47476202,-0.43951118,1.5185986,-0.9420048,0.6650557,0.33301088,0.0036609396,-0.25036842,0.45036936,0.23331982,0.38006645,0.25557423,-0.13230231,0.57180977,0.10879046,-0.2595758,0.08184786,0.3010984,0.22168994,-0.43483192,-0.39655006,0.85113823
t.hasegawa,1,5,-0.13678928,0.27196378,-0.7532567,0.8377496,-0.088449046,0.9592949,0.13847867,-0.57597893,-0.7505803,0.3459798,-1.6673423,0.4908151,0.4431283,0.1942834,0.22681993,-0.3971856,0.2699815,0.4186229,0.039235547,0.44471428,0.42803812,0.2237073,-0.9664649,0.7080849,0.41183752,-0.114785664,0.8465167,0.1163934
t.hasegawa,1,5,0.48801985,0.37393057,-0.04402628,-1.7929156,0.2933951,-0.17621423,-0.78342354,-0.67918897,0.39124733,-0.1654867,1.4937602,1.4246156,-0.06612148,0.62894225,0.3049621,0.03028202,0.3724685,0.20293893,0.36249167,0.6421174,-1.0171009,-0.2623832,0.2214773,-0.1764798,-0.49493513,-0.29533872,0.1186073,0.047357187
t.hasegawa,1,6,0.2560866,-0.4482501,0.9646224,-1.0070195,1.6638827,0.63429916,-0.825125,0.17092773,-0.27347538,0.7629295,0.48955643,0.37609622,0.07589196,0.44988903,-0.0744369,0.76757705,-0.71489704,-0.1430769,-0.306428,0.35548156,-0.12561795,-0.28304914,-0.34150618,-0.370104,-0.027736496,-0.01501327,-0.014249671,-0.15663664
t.hasegawa,1,6,-0.6545237,-1.2663219,-1.5989171,-0.94899625,-0.07806039,-0.6789186,0.09241905,0.7487346,0.8394984,-1.0861995,-0.5387702,-0.55930233,0.5898452,-0.16702509,0.5228852,-0.31443906,0.1195651,-0.38558918,0.18821612,0.44343546,0.20195328,0.06505851,-0.29649878,0.2609648,-0.55774146,0.08503532,0.64817,0.21969081
t.hasegawa,1,6,0.060494263,0.142382,-0.3502484,2.2529242,-1.7806123,-0.06368933,-0.9979754,0.13617478,1.6039194,2.2679458,-0.43614984,0.9277685,0.37852475,-0.017918687,0.22239628,0.26733539,-0.2922618,-0.5711056,0.6730696,0.7377045,0.13716993,0.25870237,0.27112815,0.3522692,0.3492918,-0.22598436,0.64258105,0.01536575
t.hasegawa,1,6,-1.5236707,-0.5385681,-0.45873925,-0.25422546,0.6517652,-0.64457196,-0.33116058,-1.1362295,1.0504844,-0.91699463,-1.4666708,-2.0548978,0.096005365,-0.10508645,-0.58823645,-0.012284839,0.05350856,-0.56105137,-0.09672024,0.36152184,-0.3229047,-0.19010358,-0.043788888,-0.18987216,0.54303455,0.11230554,0.045010373,0.41849756
t.hasegawa,1,6,0.9045041,1.3786829,0.12487873,-0.46494144,-0.4012077,0.658141,-0.018539395,0.13737223,1.1125414,2.022604,1.9589384,1.578684,-0.31938308,0.5067709,-0.1247915,0.16446625,-0.08139743,0.05565679,0.46547824,-0.13402587,0.50380355,-0.18231721,0.31065834,-0.0700092,-0.35187134,0.27883017,0.006854333,-0.10108662
t.hasegawa,1,6,-1.0822444,2.1810644,2.6939695,0.5184174,0.41977942,-0.22929654,-1.0854846,-1.232432,-1.4635911,0.35570014,0.042299643,1.2018255,0.36709026,0.6032084,0.10059985,0.16215742,0.03844993,0.38048822,-0.6642191,0.49286106,0.5893982,0.57571346,-0.5206363,-0.6113421,-0.18907474,-0.10727377,0.636335,-0.0068520755
t.hasegawa,1,6,0.3960451,0.6209944,0.1774964,-1.349929,-2.3517852,0.6442163,0.2627996,0.48964554,-0.49110928,1.4767507,-0.12421863,-0.11729189,-0.5581173,-0.03576286,0.64402086,-0.12429912,0.20415467,-0.50732,0.34911424,0.16428566,0.36357313,0.55751556,-0.37247396,-0.12344916,0.1285938,-0.2785231,-0.62167615,0.2867323
t.hasegawa,1,6,1.2281479,-1.391045,-2.744632,-0.94447744,-2.1423318,-0.77090347,0.85552955,1.2296461,-2.3216875,0.69607824,2.1871371,0.19235122,-0.06912684,-0.7467693,-0.17034267,0.8537047,-0.43891758,-0.47419906,0.5745751,0.07106283,0.59279895,0.20214844,-0.50163966,-0.37130165,-0.35487646,-0.040744558,-0.2981582,0.6028361
t.hasegawa,1,6,-0.47371596,1.8064911,-0.2801646,-0.49750692,0.44205502,2.451888,-1.0541166,-0.0061631203,0.02481544,-0.6034677,0.047479063,0.6702113,-0.290327,0.14204788,0.44146726,-0.26473203,-0.55106014,-0.6180934,-0.37133357,0.8258904,0.2145931,-0.060385704,-0.21416746,-0.36419734,-0.23413062,0.06659565,0.03338769,0.5750736
t.hasegawa,1,6,-0.19707656,-0.80453837,-0.27703303,1.2898711,-0.1303871,1.5837845,-0.580081,-0.37659907,-0.9827665,0.021088865,1.405503,-0.04465191,0.505689,0.42013532,-0.6963084,-0.4254842,-0.4771059,-0.16582124,-0.52231216,-0.42106375,-0.3233593,-0.39768165,-0.39662048,-0.30501008,0.28889677,0.007965167,-0.0018731728,0.46446025
t.hasegawa,1,6,-0.12527475,0.44996065,-0.5609581,-0.80013686,1.8871582,-0.34240586,0.13138928,0.5044943,0.13197857,0.80272746,-0.22232592,1.2305031,0.32735404,0.19942988,-0.36848408,-0.81464124,0.80955285,0.08356674,0.47331548,-0.7547667,-0.2339428,-0.18208468,-0.37675235,0.13844335,-0.7679096,0.56119245,0.5261792,0.089415
t.hasegawa,1,6,-0.87513596,0.6566106,-1.7737042,0.42665792,2.4805036,-0.6493928,-0.1370061,-0.8809413,-0.04513636,-0.32403028,-1.3991703,-1.3175038,0.315571,-0.38994718,-0.15205638,-0.5330918,0.41413265,-0.4468245,-0.30896512,0.5878898,-0.58553714,-0.22510196,-0.37613407,-0.090988204,-0.3939732,-0.31817454,-0.2158168,0.8299236
t.hasegawa,1,6,0.81007224,0.32363683,1.9783624,-1.1593466,1.8181946,1.6882313,0.41807982,0.10413725,0.33000684,0.44617206,0.5043351,-0.9016058,0.23935619,0.58641505,0.5557682,0.31615824,-0.4461014,0.022468403,-0.4186863,-0.04816781,-0.6402409,-0.08761826,0.14164436,0.3911833,0.49380913,0.5434498,0.33315212,0.3115992
t.hasegawa,1,6,-2.7984607,1.4731154,1.7468618,-0.3833157,-0.021934137,0.6883476,1.4341677,0.46732295,-0.8057054,-0.21625213,0.14176728,0.15382126,-0.10095978,-0.041193206,0.04874114,-0.378847,0.23582143,-0.15223859,-0.017725555,-0.07378876,0.024806097,-0.48787022,-0.15945454,0.95481735,-0.045943946,-0.6196359,0.34963024,0.11779127
t.hasegawa,1,6,-0.4085884,-1.296318,-1.1953939,-0.39044067,-1.7645544,0.8039978,0.023118753,-0.37690282,-0.86821854,-0.04156612,-0.34494966,-0.7860778,-0.096380405,-0.021618478,1.3161206,0.13281539,0.100654244,0.014145628,0.39059782,0.9357698,-0.95459485,-0.0012520151,-0.22324689,0.3144647,-0.39592052,0.01703362,-0.072877616,0.18673933
t.hasegawa,1,6,-1.050453,0.23903227,-1.293175,1.0860969,-0.047796384,2.0253434,0.3826452,-0.19900477,0.7651505,0.8574652,0.025843695,-0.94052386,0.47300103,-0.44916582,0.082426324,-0.22098619,0.898868,0.1313034,0.17975597,0.12158691,0.12729757,0.3698217,0.693872,0.30195093,0.04719282,-0.099146016,-0.386134,0.39420488
t.hasegawa,1,6,0.48919287,-0.6231487,0.8816143,0.8800871,-1.4958304,0.9758128,-0.025857303,0.5195262,1.0148138,1.092324,-2.028714,-1.1854404,0.25970295,-0.61535555,-0.009183288,0.5459942,0.29847363,-0.04300897,0.14532508,1.0462283,-0.07566022,-0.475161,-0.18015502,0.75502586,0.3029758,-0.45399213,0.04680299,-0.109803036
t.hasegawa,1,6,-1.3611761,1.228899,0.9980604,-0.90785956,2.267086,2.2010682,-0.8885196,2.263016,1.2168889,1.268035,0.791843,-1.6018878,0.283276,-1.0338682,-0.39168483,0.09558383,-0.22474125,-0.50245005,0.31718972,0.5025664,-0.4934429,-0.11460046,-0.053064957,0.93510807,0.44320425,-0.20072839,0.17879534,0.5572232
