subject_id,trial_num,path_curvature,path_linearity,path_efficiency,velocity_smoothness,velocity_symmetry,peak_velocity_timing,jerk_metric,acceleration_smoothness,movement_rhythm,force_modulation,temporal_consistency,movement_efficiency_index,control_stability
r.yanase,1,29489.15932712759,0.14857537497510542,0.14857537497510542,0.989181593649676,-0.3064237454705866,0.8060747663551402,0.20664264498223991,0.869905551912376,0.009345794392523364,0.9276330045276157,0.07797469593004638,0.9429112864161432,0.47590707220460593
r.yanase,2,26291.072816251617,0.14451409381226812,0.14451409381226812,0.990583981668821,0.07757234904760688,0.5735607675906184,0.1875549453894447,0.8838290248636007,0.008528784648187633,0.8905346464937204,0.07475705804856449,0.9558278375985769,0.505807208898352
r.yanase,3,39893.025235979185,0.15238606571411092,0.15238606571411092,0.9911807614422704,0.7713119009951864,0.11352657004830918,0.1880496594391231,0.8774725505164813,0.00966183574879227,0.7971054466381398,0.07917772313701886,0.9625581035865602,0.522408504040969
r.yanase,4,30814.78442654424,0.1354202067981862,0.1354202067981862,0.9871250375106353,0.31244675231030516,0.36556603773584906,0.24309795833853895,0.852593333428257,0.009433962264150943,0.962295372248983,0.07831221997886782,0.9030223537726327,0.42944114126023414
r.yanase,5,71109.30959896036,0.19636711732783776,0.19636711732783776,0.9901285007389107,0.8915111615129047,0.11724137931034483,0.18778850431201208,0.8786633741695034,0.009195402298850575,0.8730423407858581,0.07739314873343706,0.9989115181359561,0.4908222466070969
r.yanase,6,13479.658987356603,0.15685996723085893,0.15685996723085893,0.9870318242296015,0.1881133659596532,0.3477157360406091,0.2562695288830594,0.8350493318028775,0.01015228426395939,0.8703680364341091,0.08099866972080132,0.9105464752277217,0.4343674231859069
r.yanase,7,17108.62737953999,0.04886180047020085,0.04886180047020085,0.9908270847052549,0.9239586591241813,0.8710359408033826,0.18289275928467197,0.8864556701379462,0.008456659619450317,0.8187573349742505,0.07446193156721992,0.8789375681056536,0.5198451160522108
r.yanase,8,17250.164408745113,0.16069896984218446,0.16069896984218446,0.9912359562566536,0.8694188661559157,0.8696682464454977,0.1850503708032099,0.8883511422967877,0.009478672985781991,0.7878617665545755,0.07848057725166584,0.9720556648727711,0.5304030409104445
r.yanase,9,25722.115184590763,0.13613843062090905,0.13613843062090905,0.9911253025094654,0.3059866559203715,0.8793103448275862,0.20051151562674677,0.8581351054644499,0.008620689655172414,0.8020749943894392,0.07512470081761952,0.9389861891844228,0.5279904116433901
r.yanase,10,32120.679526840326,0.15412465298674513,0.15412465298674513,0.9910113510194217,0.13592701728843,0.34987593052109184,0.20978416050774798,0.862103350565127,0.009925558312655087,0.7701278782826015,0.08016207386303402,0.9465622392721292,0.5265409024095339
r.yanase,11,24256.23169334905,0.08920190901899375,0.08920190901899375,0.989554017231169,0.8859268269661796,0.10955710955710955,0.23413468427226,0.8370361283800304,0.009324009324009324,0.7931058135834739,0.07788872811125339,0.8740990266279401,0.49382327610894383
r.yanase,12,20827.458612278857,0.00999480490129768,0.00999480490129768,0.989801433691493,0.707562025321411,0.5955056179775281,0.22172728513761203,0.856418993407858,0.008988764044943821,0.8986833493803206,0.07658594980119716,0.8183464925072672,0.5025642914007581
r.yanase,13,33225.740580106765,0.1327069276393511,0.1327069276393511,0.987986896836003,0.9303283589843151,0.11707317073170732,0.23797915146121393,0.8670466003508717,0.00975609756097561,0.9381435684837665,0.07952935879399668,0.9052606606117515,0.4409452786665786
r.yanase,14,30109.99707009935,0.04968000000789686,0.04968000000789686,0.9879567775516017,0.6675888867373255,0.35507246376811596,0.30649042279751565,0.6993980876460971,0.00966183574879227,0.9378265891733889,0.0791748950254356,0.7942169031271308,0.44712237124602966
r.yanase,15,17451.406526764935,0.13061900895606873,0.13061900895606873,0.9879906209954583,0.726113245057383,0.07655502392344497,0.22961676982409124,0.8321567194058063,0.009569377990430622,0.900692133481713,0.0788262530307668,0.9097221649893041,0.45342595448659373
r.yanase,16,14274.37426605974,0.08159748111723128,0.08159748111723128,0.9891409851591271,0.816151094213914,0.8881431767337807,0.22503419193757052,0.8405346333727,0.008948545861297539,0.8384601904286108,0.07642918231321028,0.874047821132918,0.47698955996978015
r.yanase,17,12604.720502852395,0.14287454123941867,0.14287454123941867,0.9885908522234501,0.6723902547557773,0.11083123425692695,0.22060989082394564,0.8443398049980414,0.010075566750629723,0.8870902620675124,0.08071810981320612,0.9269672497075199,0.45529806573378195
r.yanase,18,39971.377894624435,0.08378322972853773,0.08378322972853773,0.9892023011571428,0.6219691164067708,0.1,0.2208493135962101,0.8292188549468519,0.009523809523809525,0.8203364123361903,0.07865451980511388,0.8788844937177605,0.47879660563747783
r.yanase,19,35890.964343096086,0.11429125061543371,0.11429125061543371,0.9903341234808203,0.7186953051184213,0.5883668903803132,0.20144196177422605,0.8688507712633424,0.008948545861297539,0.894105444323573,0.07643026030433092,0.9194163423965994,0.5023228491551085
r.yanase,20,41737.14970431402,0.15836769751603602,0.15836769751603602,0.9874169410862818,0.23819994050022347,0.3409090909090909,0.22918931367959758,0.8500500334428102,0.010101010101010102,0.9421451431808602,0.08081179426486268,0.932146599267442,0.4394922896235545
r.yanase,21,13304.877133135098,0.08650401666888063,0.08650401666888063,0.9876266009484806,-0.3696207786273855,0.834051724137931,0.2067875778094724,0.8587188658774036,0.008620689655172414,0.9357934858464699,0.07512595548005976,0.8900743074991654,0.43791183554806956
r.yanase,22,26221.763713170083,0.14464176897188388,0.14464176897188388,0.9883938510042568,0.5322075927983241,0.8720379146919431,0.22649793990034897,0.8687372330666899,0.009478672985781991,0.8788587596083428,0.07848098948913694,0.9237974097764876,0.458723338403763
r.yanase,23,76817.06809168014,0.04293497089475558,0.04293497089475558,0.9894018529021529,0.26566841656900914,0.07741935483870968,0.2032658840444388,0.8598950524081482,0.008602150537634409,0.8936120478876505,0.07505037167785096,0.8579457271131127,0.48048220455085444
r.yanase,24,28984.284970920973,0.009802145761332318,0.009802145761332318,0.9881590600320447,0.8442022649130689,0.09297052154195011,0.22745070060574496,0.8586132863276734,0.009070294784580499,0.8625400208943976,0.07690579545927388,0.8130356724721285,0.4526473015559814
r.yanase,25,33461.765392998335,0.06810390763468868,0.06810390763468868,0.9899034917202956,0.12184644782249629,0.07857142857142857,0.22347014750711577,0.8416474548770404,0.009523809523809525,0.8082665420602799,0.07865354317393415,0.8647594724813921,0.49137587825419726
r.yanase,26,21394.029865783938,0.047712031227603625,0.047712031227603625,0.98831795599079,-0.12527019688571508,0.5661252900232019,0.25413674052260066,0.8600219630068842,0.009280742459396751,0.8180214671255138,0.07772322117515573,0.8260901333507527,0.4543008181918161
r.yanase,27,51796.77476115428,0.1687653344430168,0.1687653344430168,0.9888765959727086,0.07702349172990121,0.5529953917050692,0.17424624256494156,0.8774730064278898,0.009216589861751152,1.0648133842487773,0.07747555178098231,0.9858595995053416,0.46743436033896135
r.yanase,28,46229.8870088725,0.11747976270934159,0.11747976270934159,0.99065096864532,0.2997370741197281,0.3115942028985507,0.2026386254904166,0.8851056514953698,0.00966183574879227,0.7907862874706812,0.07917756896813362,0.9214162158668268,0.5077126386285079
r.yanase,29,15691.689934273985,0.07836419799978503,0.07836419799978503,0.9890648021746059,-0.6234807947562084,0.29256594724220625,0.19942712029024523,0.857856148035605,0.009592326139088728,0.9005253019462506,0.07891518413556686,0.8899490282628322,0.47465687961373454
r.yanase,30,28907.02626393536,0.14123044024404005,0.14123044024404005,0.9900466873737692,0.19897672610895886,0.08542713567839195,0.20198707633257354,0.8698317081197803,0.010050251256281407,0.9198150550505089,0.08062505170888425,0.9411724550895256,0.49779889253107606
r.yanase,31,26868.23057017983,0.13145952953217335,0.13145952953217335,0.9913113775329776,-0.07642756523552986,0.5704057279236276,0.23331892213136715,0.874473703193459,0.00954653937947494,0.6921371473929104,0.07874060422684993,0.9103654269123092,0.5402621422861783
r.yanase,32,35345.353789254754,0.13557384489460317,0.13557384489460317,0.9890316401701903,-0.539450794203341,0.04728132387706856,0.2125270531299418,0.8427288908020828,0.009456264775413711,0.8661667813240388,0.07839648273400528,0.9274889843998176,0.47337967638357975
r.yanase,33,26524.301704954134,0.21179677497065286,0.21179677497065286,0.9905620363611518,0.43593473102307306,0.8277404921700223,0.2190926981514802,0.852868093762378,0.008948545861297539,0.7971905832425736,0.07642902224907995,0.9862734910601554,0.5016425061484484
r.yanase,34,35052.31593875211,0.14489816539210038,0.14489816539210038,0.9872068289883525,-0.13182100825495827,0.5619047619047619,0.23554082490559292,0.8380323900517798,0.009523809523809525,0.943537276396828,0.07865385563790508,0.9162829520157347,0.4291558517624454
r.yanase,35,25460.673270512183,0.12204188442525543,0.12204188442525543,0.9901958601113944,0.3368856573201497,0.08636363636363636,0.18312928492806957,0.8701767232673902,0.00909090909090909,0.8738439934954417,0.0769865980793007,0.9400813239140389,0.5022056697485093
s.miyama,1,7489.159570312329,0.04352089782113238,0.04352089782113238,0.9866137535831039,0.002923153762583234,0.31175468483816016,0.3459950288242699,0.5044969159248955,0.0068143100511073255,1.2668863630070304,0.06740340211465888,0.7653331768276005,0.4303945756765909
s.miyama,2,21182.814279400445,0.11088092462881975,0.11088092462881975,0.9918576397435206,0.472326661577704,0.3927765237020316,0.22672325650378997,0.7773851705808398,0.009029345372460496,0.8555254797554844,0.07675393484576759,0.8989301853746452,0.5505429955204159
s.miyama,3,20501.843006464424,0.18022399752169005,0.18022399752169005,0.9897869880042249,-0.025967614050552087,0.8439024390243902,0.2815588604606036,0.713537120879201,0.00975609756097561,0.8710331566067885,0.07953855144908874,0.912959226161023,0.5001456696997301
s.miyama,4,6501.259959881283,0.0965095128741791,0.0965095128741791,0.9905348283817077,-0.4510176798753382,0.25,0.21738622541720398,0.7272151294398906,0.009009009009009009,0.930954667912973,0.07667572018663074,0.8929330056148382,0.49649419221843777
s.miyama,5,6178.93662151651,0.02276487457677712,0.02276487457677712,0.9902769287834917,0.16878499965305846,0.03761061946902655,0.29495754829246024,0.7150293654226892,0.008849557522123894,0.89910755527038,0.07604728494639532,0.7822973075033021,0.4848240415131094
s.miyama,6,23127.46129281384,0.11822771876614163,0.11822771876614163,0.9901280306429904,0.053542532051474565,0.8649350649350649,0.30876103828711315,0.7089891122333938,0.01038961038961039,0.8627081918265551,0.08187283857940487,0.8468740411616559,0.5038283788592084
s.miyama,7,11842.6721870089,0.10257553233428424,0.10257553233428424,0.9896798961680064,0.13753814541725456,0.4,0.29130021077804485,0.6928420761178916,0.009876543209876543,0.9162993041206888,0.07998879639944079,0.8458570821762478,0.4937733044131486
s.miyama,8,11387.650653711167,0.12752957378981286,0.12752957378981286,0.9891150794878983,0.1451883496344688,0.8279816513761468,0.2774403970102132,0.6981783328657168,0.009174311926605505,0.8843538359426201,0.07732117387303353,0.8741266174853741,0.4730045475068949
s.miyama,9,17599.84584863122,0.07736359328838117,0.07736359328838117,0.9881654714218681,-0.45481207028078097,0.314540059347181,0.32794162104123475,0.6754520569493683,0.011869436201780416,0.8666716866717196,0.08703075191530346,0.8023914966041741,0.4568309318606579
s.miyama,10,17911.29419466421,0.06747590790019609,0.06747590790019609,0.9907239329763633,0.5317651613488737,0.8422391857506362,0.2418999328841571,0.7557150786492649,0.010178117048346057,0.8995505558910506,0.0811044320800299,0.8520814059624133,0.5285569032322268
s.miyama,11,10491.695659950525,0.08937778343880687,0.08937778343880687,0.9886214334067432,-0.22991015675079304,0.3054054054054054,0.24156804673388124,0.686001011286085,0.010810810810810811,0.9998546738394941,0.08338214651750916,0.8682562503773983,0.45864065246244895
s.miyama,12,8391.814312785384,0.05182545008154572,0.05182545008154572,0.9901787836532053,-0.0974934781634331,0.8585131894484412,0.2638265117412939,0.6866872741732221,0.009592326139088728,0.899717422257938,0.07892388377079161,0.8244836012334341,0.5212891404678446
s.miyama,13,38635.65036391638,0.13941375764547922,0.13941375764547922,0.9889654687964518,0.20183281622639743,0.4214123006833713,0.25484629165064177,0.6833117134201254,0.009111617312072893,1.0218129397245754,0.0770780154631042,0.8992170865466286,0.46624884308518555
s.miyama,14,18558.927651256457,0.1320794037032087,0.1320794037032087,0.9906307150301502,0.3878951272301398,0.8744075829383886,0.2560668907687637,0.7427616142835232,0.009478672985781991,0.9003488131904266,0.07849251594784866,0.8938298803865571,0.522422781877501
s.miyama,15,10045.943120135833,0.01976061048201568,0.01976061048201568,0.9881827313770389,-0.3755367295985828,0.8413978494623656,0.23680657048722914,0.6802677400774797,0.010752688172043012,1.0887966117821846,0.08317624930006114,0.8149563285890244,0.4501597964689703
s.miyama,16,5694.244404288735,0.1239340732645956,0.1239340732645956,0.9918342954764283,0.3067409690681984,0.4075,0.19460164013159317,0.7986496941567788,0.01,0.7526043638415852,0.08044905002386744,0.9340087366849044,0.5585701816203067
s.miyama,17,40290.564063896476,0.042928114930295545,0.042928114930295545,0.9872188847233666,0.7777910307000695,0.8195488721804511,0.3316273675279866,0.6172515821748761,0.010025062656641603,1.0790385351192184,0.08054194480662961,0.7736000511659743,0.43737484454217346
s.miyama,18,22875.320596635378,0.05046674924487467,0.05046674924487467,0.9898246753541078,0.5429598620307308,0.14775725593667546,0.2612237934074384,0.7821295472746775,0.010554089709762533,0.8321729781781718,0.08246773817587971,0.8248269894975858,0.49550273842101455
s.miyama,19,20412.619520054363,0.1612233548180608,0.1612233548180608,0.9901873830616379,0.7424721885937634,0.8534704370179949,0.28109194425474354,0.7268312220504239,0.010282776349614395,0.8533535387195137,0.08148714399146136,0.8987729124700062,0.5104111522987956
s.miyama,20,26741.818026578814,0.17054836264818848,0.17054836264818848,0.9922766315473062,0.010525704937878065,0.10554089709762533,0.1644980421974163,0.8538436087252026,0.010554089709762533,0.7913186841255935,0.08246712687595399,0.9985632882655908,0.5631957038980911
s.miyama,21,15722.099056231904,0.09855717405382518,0.09855717405382518,0.9910374594154889,0.5132520721608883,0.6384976525821596,0.2205291117937455,0.7453794928939254,0.009389671361502348,0.9244757106655205,0.0781523274558079,0.8927231828727099,0.5276006346244815
s.miyama,22,12332.553203042165,0.13460424501965496,0.13460424501965496,0.992391473241415,0.7016045652045595,0.11057692307692307,0.1933106147863534,0.7759973352502971,0.009615384615384616,0.7781348110419851,0.07901141923003063,0.9444277996830219,0.5825759457699492
s.miyama,23,7035.516191457664,0.04625250691882331,0.04625250691882331,0.9886768430908575,0.1408522844799534,0.32678132678132676,0.26273340776200316,0.722905050813773,0.009828009828009828,0.9215692960962603,0.0798102709498117,0.8195944952814155,0.469661388173026
s.miyama,24,29964.77295272044,0.018771503422501647,0.018771503422501647,0.9922082584764459,0.10946482474829967,0.6049046321525886,0.19667140581946893,0.8139481024082087,0.010899182561307902,0.7270879843185661,0.08369437427331737,0.8448265388330546,0.560790248526995
s.miyama,25,20279.27670990653,0.13166158592933394,0.13166158592933394,0.9907224791766112,-0.16476987370084883,0.7516629711751663,0.2348295854927497,0.7337369746352898,0.011086474501108647,0.8860814601107314,0.07612672476478587,0.9089384302839374,0.5137577282100945
s.miyama,26,8384.596566004715,0.0685161621549382,0.0685161621549382,0.990108384349046,0.48878345765165615,0.035629453681710214,0.22851881371675795,0.7185661819639942,0.009501187648456057,0.9757147153357373,0.07857760727760979,0.8617080460503687,0.5062699215562608
s.miyama,27,13902.296594984859,0.14716659554347836,0.14716659554347836,0.9909037152022255,0.38726620034246917,0.854066985645933,0.17381758934265795,0.8033196182237132,0.009569377990430622,0.8805666974441642,0.0788365372286489,0.9695461382402929,0.5147910919815425
s.miyama,28,3924.262714241299,0.0364014923851536,0.0364014923851536,0.9890332237171012,0.2000874599491164,0.04785894206549118,0.4109624711260591,0.631898123894331,0.010075566750629723,1.0500814905151465,0.08072833928719915,0.726762573127744,0.47196303085029845
s.miyama,29,28928.093841161823,0.1560112946381804,0.1560112946381804,0.9888868704301281,0.40037256609680094,0.0888382687927107,0.2591950357938841,0.729039491975932,0.009111617312072893,0.8763460938084495,0.07707887581883308,0.9092302086042494,0.46610242520987766
s.miyama,30,23084.819627210207,0.11369927679265437,0.11369927679265437,0.9899672369144737,0.09192327928764875,0.05670103092783505,0.29965504364750767,0.7008242399678534,0.010309278350515464,0.8111298132389176,0.08158392016330034,0.8491995773045025,0.5110890540620275
s.miyama,31,16945.386398301736,0.13389911332181192,0.13389911332181192,0.9863127123907265,0.32170569428155266,0.04054054054054054,0.41824410121740396,0.6210627304892619,0.010810810810810811,0.9948719781664269,0.0833829482408065,0.7898582654078814,0.4111356234605364
s.miyama,32,11693.934016514464,0.10706153664473549,0.10706153664473549,0.9899148986264558,0.8100906685503454,0.5965909090909091,0.25045354506863354,0.769407913484277,0.011363636363636364,0.8106448621305195,0.08531283379077116,0.8772628456269294,0.5026825607652416
s.miyama,33,25244.311483161076,0.0755138818445329,0.0755138818445329,0.9903926204353436,0.18814461915403263,0.6220095693779905,0.28483961147376186,0.6877279794280379,0.009569377990430622,0.9278733968679483,0.07883860765244768,0.8296027712418047,0.5202222846875286
s.miyama,34,18470.802474395052,0.03970261132735015,0.03970261132735015,0.9893260126835638,-0.1479545215430826,0.22444889779559118,0.2051421113202402,0.7030418701921118,0.01002004008016032,1.051787408391593,0.07266024113077733,0.853864962766596,0.4726691248229489
s.miyama,35,2363.7054275014107,0.09422317144584348,0.09422317144584348,0.9925402501683114,-0.7742277625863554,0.03722084367245657,0.17553923329722687,0.7835556440971986,0.009925558312655087,0.903893798582071,0.08017369454078611,0.9244807751468506,0.5613867070284275
s.tahara,1,29164.227460615417,0.16734424490351246,0.16734424490351246,0.9921855948803081,0.24197078740873915,0.8799212598425197,0.17786518397615864,0.8973495948656,0.007874015748031496,0.8358047092962465,0.07204671671621263,0.9844334101714061,0.5501775788634067
s.tahara,2,12816.374346022403,0.1459731720095025,0.1459731720095025,0.9898692967951034,0.9141550194944682,0.15172413793103448,0.21865003003536537,0.8656688813547042,0.009195402298850575,0.8600887754787688,0.07739103356471239,0.9320497606450997,0.48438248160969116
s.tahara,3,64354.46062580632,0.06964463146737729,0.06964463146737729,0.9865299914957353,0.6919988879377376,0.3696682464454976,0.23956172736207842,0.8126942707406871,0.009478672985781991,1.029501384522669,0.07847970996575941,0.8520548833100603,0.4155224469926171
s.tahara,4,15911.859472229868,0.1541596052472247,0.1541596052472247,0.9892982370301929,0.2811484321256307,0.38311688311688313,0.23548667677537527,0.8591374272515613,0.008658008658008658,0.8102467999271336,0.07527446032619792,0.9255120785776879,0.46835511839330635
s.tahara,5,23391.9353652926,0.10844335850599965,0.10844335850599965,0.9882594698333982,0.8138552084035804,0.3568181818181818,0.20735171870588462,0.8654675656928957,0.00909090909090909,0.8656691369905313,0.0769861980713979,0.9083540540406178,0.4481430682299652
s.tahara,6,25393.684775043537,0.040216329604326854,0.040216329604326854,0.9880052634101063,0.9372043392193518,0.6410835214446953,0.1985734953952285,0.8769642574876599,0.009029345372460496,0.9153582920198198,0.0767449287714201,0.857871125103912,0.4454540160285024
s.tahara,7,40632.17913660586,0.1467146495768025,0.1467146495768025,0.9906373842425851,0.38405870252098917,0.8804123711340206,0.1942665310437303,0.8799797734533313,0.008247422680412371,0.8131729426687,0.07360627674996487,0.9523435550231805,0.5071090231786871
s.tahara,8,22389.916807738562,0.049433405983297804,0.049433405983297804,0.9884807479827057,0.7921934906472888,0.3991228070175439,0.21265452376447264,0.8559727593469065,0.008771929824561403,0.9356727839249812,0.07573058100997691,0.8559025951958532,0.4416598844773125
s.tahara,9,10446.933632209582,0.05243489029080609,0.05243489029080609,0.9888514081957788,-0.27672005683411605,0.8961625282167043,0.21279945279656845,0.8548986766295443,0.009029345372460496,0.9172012891735776,0.07674713070021733,0.8585807786155453,0.47230796438417066
s.tahara,10,13660.955576642049,0.07821675133295745,0.07821675133295745,0.9898259592330202,0.6829840710941116,0.15296803652968036,0.19911538932689057,0.8852425494466283,0.0091324200913242,0.8128806823221336,0.07715021528774663,0.8906921886520952,0.49339742815576104
s.tahara,11,30445.116989241724,0.15577212319966566,0.15577212319966566,0.9890434897343257,-0.1802687251683225,0.3052391799544419,0.20013054077630407,0.861796331304435,0.009111617312072893,0.8503999136338884,0.07706969814248962,0.9539092407343185,0.4758139592201486
s.tahara,12,29071.453189211803,0.1313329995807488,0.1313329995807488,0.9892688603039257,0.9480964179236882,0.10931174089068826,0.1759117421367223,0.871926194421551,0.008097165991902834,0.9800092733433711,0.07298737315144989,0.9529642572056085,0.4785719881862091
s.tahara,13,35009.17106990078,0.10698613732632062,0.10698613732632062,0.9890920279995974,0.2568390919082426,0.3924611973392461,0.18174360829549518,0.869331044719176,0.008869179600886918,0.9725720449478535,0.07611792860377459,0.9275092817357073,0.47267455004241077
s.tahara,14,19070.015038915208,0.0416969785063717,0.0416969785063717,0.990234729702285,-0.1767561491271501,0.3253968253968254,0.18802347762265526,0.8626594734542387,0.007936507936507936,0.9653275362257234,0.072315510631284,0.8686122182312823,0.49831575911600173
s.tahara,15,32810.41184931023,0.1285812070451914,0.1285812070451914,0.9899275211934315,0.902639099319967,0.3645418326693227,0.18584571409963216,0.8559233646094498,0.00796812749003984,0.9459871167638636,0.07244804176822431,0.9432160650745907,0.48934702308809735
s.tahara,16,19325.613697612636,0.042775003346400255,0.042775003346400255,0.9876817426399357,-0.60411210360472,0.3292079207920792,0.21065316885489943,0.8235110445669783,0.009900990099009901,0.9689803114417714,0.08007350978072848,0.8511576828903005,0.4446615729867909
s.tahara,17,14820.853224696004,0.07928214518346319,0.07928214518346319,0.9898088420549154,0.8131065207912546,0.6080178173719376,0.20313466925376586,0.8614710064103748,0.008908685968819599,0.8123901364497511,0.07627375235927805,0.8885879648879814,0.4895330590288368
s.tahara,18,18639.15847755837,0.06685364947079125,0.06685364947079125,0.9880901238732307,0.839668973626174,0.12244897959183673,0.18083286454441475,0.8498407662060599,0.00816326530612245,1.101524371104406,0.07326121703036788,0.8933895769839002,0.44548697788311226
s.tahara,19,24566.614470649223,0.17704126114871824,0.17704126114871824,0.9860744682865225,-0.40110854820958275,0.854320987654321,0.23614769418228562,0.8233790120467972,0.009876543209876543,1.026917990914904,0.07998238322661652,0.9409197096020507,0.40968260679772694
s.tahara,20,59661.01942968697,0.05839201585341521,0.05839201585341521,0.9903148610104868,0.521358965427607,0.6179775280898876,0.19884059344348773,0.8694791677233634,0.008988764044943821,0.8836298668978766,0.07658878440276891,0.8747675734366407,0.4973765938445367
s.tahara,21,40104.33471991715,0.15833849104942457,0.15833849104942457,0.9903985751695663,0.8433158096200034,0.38247863247863245,0.16455633603165615,0.8857489008158882,0.008547008547008548,0.8973498855793601,0.07483052343068962,0.9864160544894108,0.4883439727351922
s.tahara,22,38498.51576462963,0.12069567050758247,0.12069567050758247,0.9901525168976634,0.5178381084113842,0.4125874125874126,0.19433072103496582,0.8819838598771262,0.009324009324009324,0.8281795016955791,0.07789125538294212,0.9301009911581468,0.4972812205369312
s.tahara,23,49986.25799089437,0.010728104635419193,0.010728104635419193,0.9898705610468941,0.021227559304598253,0.8961038961038961,0.17248181665951778,0.8594404491069462,0.008658008658008658,0.9722984827697569,0.07527629914681791,0.8534022886027253,0.4892689777871362
s.tahara,24,27379.122560072083,0.15106456393096568,0.15106456393096568,0.9889058846270431,-0.21883806204781323,0.16350710900473933,0.20592782828146128,0.8603847278689234,0.009478672985781991,0.9024570181172226,0.07848304741555921,0.9453056989177814,0.46552700854181744
s.tahara,25,60581.55017852469,0.13935648117979832,0.13935648117979832,0.9899828266773155,-0.08818974619953932,0.11564625850340136,0.18129842141473676,0.8665181185753805,0.009070294784580499,1.0369898820890546,0.07690738131704664,0.9560152518485582,0.4884104864691821
s.tahara,26,3956.83475985332,0.16445744513112243,0.16445744513112243,0.9908964460906767,-0.4352672718942203,0.40765765765765766,0.2055552587121758,0.8688018097171197,0.009009009009009009,0.8193615228455452,0.07666740846522231,0.9583583024273779,0.5094863472953015
s.tahara,27,50497.52242764711,0.08476269902823455,0.08476269902823455,0.9905016098594572,0.858960971016262,0.13195876288659794,0.16198106661248546,0.8881355575070851,0.008247422680412371,0.9295812299541931,0.07360675150167956,0.9253716259098796,0.5054797805486667
s.tahara,28,10445.785866824435,0.16197393426630693,0.16197393426630693,0.9891100223888003,-0.20226210901224512,0.07692307692307693,0.19075594895830494,0.8652662300605708,0.008547008547008548,0.9303622676503769,0.07482893769531757,0.9666833557809191,0.4798886733183644
s.tahara,29,18276.337044431326,0.1969138768471988,0.1969138768471988,0.9908541143637116,0.25192205523244904,0.14874141876430205,0.2067552546576642,0.8868122658409808,0.009153318077803204,0.7735937127898738,0.0772305080218181,0.9842658539306381,0.5204667759528304
s.tahara,30,47662.26268037867,0.12269800587639718,0.12269800587639718,0.9913143366286306,-0.07756574702229761,0.5557894736842105,0.16796960212471423,0.872245336456765,0.008421052631578947,0.9128937178525334,0.07431877495158094,0.9538025137627467,0.5265020813887735
s.tahara,31,39059.25006568714,0.18637389713530517,0.18637389713530517,0.9897290440331473,0.08817539870111805,0.1206896551724138,0.1981877415985023,0.8727713084365963,0.008620689655172414,0.902946785655696,0.07512603254535129,0.9815681635996488,0.47851136651847415
s.tahara,32,35372.80298367951,0.07677102069219793,0.07677102069219793,0.9861702377902367,0.09881936740357981,0.08816705336426914,0.21960753999742036,0.8405338197599219,0.009280742459396751,1.0447226127668519,0.07772396264592354,0.871543692231259,0.415134861885188
s.tahara,33,34668.916207279595,0.13507485567930866,0.13507485567930866,0.988062855601927,-0.06517597103154138,0.07331975560081466,0.24682011764818354,0.8297335005940822,0.010183299389002035,0.9618614591929966,0.07319148354025919,0.9008017238282583,0.4259789726699814
s.tahara,34,28064.20905023122,0.03797477080654999,0.03797477080654999,0.9905128946634387,0.9540414968172999,0.8674418604651163,0.18873490183879094,0.8926219196018202,0.009302325581395349,0.7888179024387819,0.07780752463062718,0.8651951447535323,0.5075994134200931
s.tahara,35,8332.077135665151,0.043361851747347566,0.043361851747347566,0.9903880179790902,0.24807731749503723,0.33995584988962474,0.19666907567964298,0.8752763844522823,0.008830022075055188,0.8823289406823174,0.07596252487354531,0.8638560908238763,0.49559682299191327
t.hasegawa,1,1601.5580044193111,0.15150473012645527,0.15150473012645527,0.9908572902638276,-0.3527947339170828,0.08649789029535865,0.2826965286099066,0.7137097179484928,0.008438818565400843,0.9076852251001604,0.07434708486761672,0.890594146713948,0.5088505349076725
t.hasegawa,2,9595.274545784485,0.12464732778342275,0.12464732778342275,0.9925699165279879,-0.2393047154824709,0.0824295010845987,0.19630509516564545,0.8441408846355876,0.010845986984815618,0.7512994837274685,0.07530625616925846,0.9338898988445049,0.5587519041128244
t.hasegawa,3,4781.5428979860135,0.1733014553865337,0.1733014553865337,0.9885667610317141,-0.67860483923753,0.2764227642276423,0.2828622645202014,0.7091523692958258,0.01084010840108401,0.8459115730676543,0.08343203660572777,0.9056843034141268,0.45701007317138076
t.hasegawa,4,13134.709302566273,0.10642739889172918,0.10642739889172918,0.9890506975796163,-0.5414991148805012,0.3163265306122449,0.24984822276390564,0.7237206269709769,0.01020408163265306,0.8468845398713122,0.08114391172253292,0.8764889020274901,0.46945731508537575
t.hasegawa,5,15922.460785916805,0.12402150638645547,0.12402150638645547,0.9909937731542738,-0.6091758584115234,0.050724637681159424,0.19614076576125694,0.8082231102395262,0.00966183574879227,0.7802490788293952,0.0791291834363926,0.9321773084383618,0.5292651391475754
t.hasegawa,6,6900.505607358209,0.11667088441997941,0.11667088441997941,0.992943735598528,0.5369107180961901,0.0875,0.15582789953201096,0.8889527942515962,0.01,0.6753044918418766,0.08039211810239717,0.9600171621292276,0.5735643074343126
t.hasegawa,7,19188.602713661716,0.13324831129377235,0.13324831129377235,0.9923877338477499,-0.5763947459671035,0.06369426751592357,0.1466984176111603,0.8771866914312632,0.008492569002123142,0.7873816675283146,0.07456031980394381,0.9816321605173957,0.5617633222703341
t.hasegawa,8,8531.740988154255,0.06297417965075837,0.06297417965075837,0.9903332472700033,0.04741412606284741,0.10617283950617284,0.238731469499176,0.7615406282986571,0.009876543209876543,0.8663189758526412,0.0799331715241314,0.8503113490340388,0.4958392394647891
t.hasegawa,9,18053.97493705588,0.08581036131279268,0.08581036131279268,0.9915503367219526,-0.48093969205328835,0.042801556420233464,0.18074756988352703,0.8489951098812609,0.007782101167315175,0.8131334450644361,0.07161234818319454,0.9124394794570865,0.536646646113253
t.hasegawa,10,15979.426488454626,0.0938310919227327,0.0938310919227327,0.9910081484235953,-0.12448884431503068,0.09411764705882353,0.2029227992727661,0.7875483902779545,0.009411764705882352,0.7854892349450366,0.07818141923184282,0.901836128637826,0.5177254202449513
t.hasegawa,11,9370.5471731973,0.05725209319404478,0.05725209319404478,0.9906742991368311,0.26258537476573324,0.04741379310344827,0.2562911206779759,0.6695881705439964,0.008620689655172414,0.9782050207922977,0.07508089629224263,0.8341429586522486,0.5029084574501683
t.hasegawa,12,33104.85662756048,0.15939123878659045,0.15939123878659045,0.9922632043446771,-0.4884238859651446,0.07105263157894737,0.15573458921619515,0.8557862377578564,0.010526315789473684,0.741079327805637,0.08231388826505377,0.9964696513170079,0.5626531765753557
t.hasegawa,13,11775.239280552396,0.15066581312962404,0.15066581312962404,0.9934942022428578,0.27432560590916205,0.08391608391608392,0.17326540667935156,0.8653853778907905,0.009324009324009324,0.7591281529656971,0.07784477281154126,0.9751928326351618,0.5923888417708173
t.hasegawa,14,12043.32083625534,0.005971312854406156,0.005971312854406156,0.9918742461084735,-0.10131927065425317,0.4924078091106291,0.15602461797751777,0.8628092603601891,0.008676789587852495,0.805251305724659,0.07530598200504661,0.8631698178786411,0.5452216497841534
t.hasegawa,15,21847.42541345555,0.20763923274431914,0.20763923274431914,0.9946941623784118,-0.32337620283944263,0.5167037861915368,0.14055201333713244,0.8994251423296827,0.008908685968819599,0.6179693318289413,0.07622693557401433,1.0541679652160998,0.6614934583548576
t.hasegawa,16,1387.6007174333429,0.14753520580808463,0.14753520580808463,0.992528505710439,-0.5636038208923224,0.08552631578947369,0.17294229628115904,0.8001430488184467,0.008771929824561403,0.8796280948754273,0.07568263183152162,0.9719691370437593,0.558411477530365
t.hasegawa,17,13670.860935409371,0.07386776607103926,0.07386776607103926,0.9915890939906484,-0.7826073219015944,0.05012531328320802,0.15712069086212335,0.8270458649866634,0.010025062656641603,0.9272221115895466,0.0804866503369567,0.9207828262649587,0.5281833110892439
t.hasegawa,18,19042.4946735968,0.05058012437117884,0.05058012437117884,0.9926135862674008,-0.685126524794861,0.07142857142857142,0.15457784170242125,0.8785632431058349,0.009216589861751152,0.7550397036445203,0.07742958091110383,0.9035282619839593,0.5618628037252453
t.hasegawa,19,8821.060578234423,0.13528044584417337,0.13528044584417337,0.9928464628694291,-0.019042924392860615,0.07081545064377683,0.1500989799735611,0.8862412283360039,0.008583690987124463,0.7634515246048814,0.07492921997768388,0.9808954953942629,0.5804169283900029
t.hasegawa,20,1807.6624387654529,0.0366652937316287,0.0366652937316287,0.9925673946143359,-0.5081169918785058,0.06873614190687362,0.15478104813163776,0.8807543061685736,0.008869179600886918,0.7951635486287135,0.07606893357217677,0.8912795113941275,0.5624830863889401
t.hasegawa,21,9920.63007831451,0.1590200643464759,0.1590200643464759,0.9921929049382081,0.26291454420366106,0.08486238532110092,0.15766458497239064,0.8856586325498554,0.009174311926605505,0.8099982648210869,0.07726560608450486,0.9944270423649002,0.5451243638068237
t.hasegawa,22,32425.103004903376,0.10170128075119043,0.10170128075119043,0.9911500349974247,-0.3132457562208765,0.8615702479338843,0.16866273045814684,0.8422791312717269,0.008264462809917356,0.8975678944204635,0.07363248426733374,0.9351297746272685,0.523944274221281
t.hasegawa,23,10330.680059293496,0.03717590177058143,0.03717590177058143,0.9918476735362454,0.47553384015745037,0.06542056074766354,0.15118352573032018,0.8862625536911283,0.009345794392523364,0.7632395891210232,0.077931547056624,0.8938831665906667,0.5521189927816569
t.hasegawa,24,3846.895923218917,0.07516244227023733,0.07516244227023733,0.9930753505976534,0.09821883632220017,0.06804123711340206,0.14937089569214135,0.8971869409415144,0.008247422680412371,0.793595827900605,0.0735641315929205,0.929410860212018,0.5779634799973834
t.hasegawa,25,15499.189960553796,0.12275026750720287,0.12275026750720287,0.9927101950399734,-0.18198688803082627,0.05823293172690763,0.1461877641777795,0.85240487911924,0.008032128514056224,0.7646208551686083,0.07267110224751949,0.9731917382204428,0.5796563057856886
t.hasegawa,26,12403.637183766534,0.1821542440161524,0.1821542440161524,0.9922199432923888,-0.28782872295512196,0.8428874734607219,0.15617857972457194,0.9021474462400899,0.008492569002123142,0.7940632286979218,0.07456573222890439,1.0157377137953063,0.5544753136311418
t.hasegawa,27,9941.703152898219,0.09811758242607875,0.09811758242607875,0.99237641501861,-0.14134345093873152,0.09631147540983606,0.1639760193285844,0.8466866881098496,0.00819672131147541,0.8122305740728664,0.0733565838623737,0.9368698146150105,0.5555393951781821
t.hasegawa,28,8034.781243469721,0.01906715802324485,0.01906715802324485,0.9943355134971676,0.07514216079901512,0.07424593967517401,0.15763907124977908,0.864067956428413,0.009280742459396751,0.6474452796766806,0.07768361634999404,0.8754046893271753,0.6260297863645778
t.hasegawa,29,23824.067998460283,0.08369577255135355,0.08369577255135355,0.9904064612784023,-0.39390025870578194,0.2710084033613445,0.18956001191467975,0.7426995808737086,0.010504201680672268,0.9512978864309365,0.07420625429500757,0.9029407705971165,0.5039189623251576
t.hasegawa,30,23878.80674717242,0.15441724434053244,0.15441724434053244,0.9946542978359261,-0.12042064366966618,0.0752212389380531,0.10539298141168503,0.9285208224008051,0.008849557522123894,0.7173247611244864,0.07599906055763773,1.0395140565385101,0.6543294212809733
t.hasegawa,31,9089.13866703473,0.06576003322223958,0.06576003322223958,0.9922820336895787,-0.6617218011644636,0.8183807439824945,0.1457836069149465,0.807308308312559,0.0087527352297593,0.8905639638947097,0.07561513143372511,0.9234222417971446,0.5634168410973682
t.hasegawa,32,3690.3009193975818,0.006903080405412185,0.006903080405412185,0.995342296963577,-0.27860135892812254,0.32967032967032966,0.12032020378139732,0.8750357711779327,0.008791208791208791,0.6983452155073795,0.07576814060360426,0.8946061795423557,0.679459090575272
t.hasegawa,33,6097.642801751337,0.07289083350613178,0.07289083350613178,0.9947984874305035,-0.31256162159631845,0.316008316008316,0.12962045892179802,0.8700620033402403,0.008316008316008316,0.7286053518251845,0.07384811967976619,0.9451752688294306,0.6560222693789385
t.hasegawa,34,32812.25864572962,0.18028358441296918,0.18028358441296918,0.9929871461700224,0.055454191343715556,0.06487695749440715,0.15067131231126346,0.8478695858596923,0.008948545861297539,0.7928256644254967,0.07639016484908766,1.0196402030970375,0.5840516665562355
t.hasegawa,35,13135.273195025487,0.07091196583369151,0.07091196583369151,0.9938271370266902,-0.060711324319868594,0.8354700854700855,0.13929927618867463,0.8647710279707482,0.008547008547008548,0.7540014487405873,0.07478918251071909,0.9345561127909069,0.6182858091630234
